"Time","Vd","Vd"
0,1.82962770684549,2.58438227167978
0.05078125,1.8296277068455,2.59131029613524
0.1015625,1.82962770684549,2.59823083923428
0.15234375,1.8296277068455,2.60514390905579
0.203125,1.82962770684549,2.61204951366992
0.25390625,1.8296277068455,2.61894766113811
0.3046875,1.82962770684549,2.62583835951311
0.35546875,1.8296277068455,2.63272161683896
0.40625,1.82962770684549,2.63959744115102
0.45703125,1.8296277068455,2.64646584047595
0.5078125,1.82962770684549,2.65332682283178
0.55859375,1.8296277068455,2.66018039622785
0.609375,1.82962770684549,2.66702656866488
0.66015625,1.8296277068455,2.67386534813491
0.7109375,1.82962770684549,2.6806967426214
0.76171875,1.8296277068455,2.68752076009914
0.8125,1.82962770684549,2.69433740853433
0.86328125,1.8296277068455,2.70114669588459
0.9140625,1.82962770684549,2.7079486300989
0.96484375,1.8296277068455,2.7147432191177
1.015625,1.82962770684549,2.72153047087283
1.06640625,1.8296277068455,2.72831039328757
1.1171875,1.82962770684549,2.73508299427664
1.16796875,1.8296277068455,2.74184828174622
1.21875,1.82962770684549,2.74860626359396
1.26953125,1.8296277068455,2.75535694770897
1.3203125,1.82962770684549,2.76210034197183
1.37109375,1.8296277068455,2.76883645425463
1.421875,1.82962770684549,2.77556529242095
1.47265625,1.8296277068455,2.78228686432589
1.5234375,1.82962770684549,2.78900117781605
1.57421875,1.8296277068455,2.79570824072956
1.625,1.82962770684549,2.8024080608961
1.67578125,1.8296277068455,2.80910064613688
1.7265625,1.82962770684549,2.81578600426467
1.77734375,1.8296277068455,2.82246414308381
1.828125,1.82962770684549,2.82913507039019
1.87890625,1.8296277068455,2.83579879397131
1.9296875,1.82962770684549,2.84245532160624
1.98046875,1.8296277068455,2.84910466106566
2.03125,1.82962770684549,2.85574682011185
2.08203125,1.8296277068455,2.86238180649872
2.1328125,1.82962770684549,2.8690096279718
2.18359375,1.8296277068455,2.87563029226825
2.234375,1.82962770684549,2.88224380711689
2.28515625,1.8296277068455,2.88885018023817
2.3359375,1.82962770684549,2.89544941934423
2.38671875,1.8296277068455,2.90204153213887
2.4375,1.82962770684549,2.90862652631755
2.48828125,1.8296277068455,2.91520440956747
2.5390625,1.82962770684549,2.92177518956748
2.58984375,1.8296277068455,2.92833887398816
2.640625,1.82962770684549,2.93489547049181
2.69140625,1.8296277068455,2.94144498673244
2.7421875,1.82962770684549,2.94798743035581
2.79296875,1.8296277068455,2.95452280899943
2.84375,1.82962770684549,2.96105113029252
2.89453125,1.8296277068455,2.96757240185612
2.9453125,1.82962770684549,2.97408663130299
2.99609375,1.8296277068455,2.9805938262377
3.046875,1.82962770684549,2.98709399425661
3.09765625,1.8296277068455,2.99358714294785
3.1484375,1.82962770684549,3.00007327989138
3.19921875,1.8296277068455,3.00655241265896
3.25,1.82962770684549,3.01302454881419
3.30078125,1.8296277068455,3.01948969591248
3.3515625,1.82962770684549,3.02594786150111
3.40234375,1.8296277068455,3.03239905311918
3.453125,1.82962770684549,3.03884327829766
3.50390625,1.8296277068455,3.0452805445594
3.5546875,1.82962770684549,3.05171085941912
3.60546875,1.8296277068455,3.05813423038341
3.65625,1.82962770684549,3.06455066495077
3.70703125,1.8296277068455,3.07096017061159
3.7578125,1.82962770684549,3.07736275484818
3.80859375,1.8296277068455,3.08375842513478
3.859375,1.82962770684549,3.09014718893755
3.91015625,1.8296277068455,3.09652905371457
3.9609375,1.82962770684549,3.10290402691588
4.01171875,1.8296277068455,3.10927211598349
4.0625,1.82962770684549,3.11563332835136
4.11328125,1.8296277068455,3.12198767144541
4.1640625,1.82962770684549,3.12833515268357
4.21484375,1.8296277068455,3.13467577947573
4.265625,1.82962770684549,3.1410095592238
4.31640625,1.8296277068455,3.14733649932168
4.3671875,1.82962770684549,3.1536566071553
4.41796875,1.8296277068455,3.1599698901026
4.46875,1.82962770684549,3.16627635553357
4.51953125,1.8296277068455,3.17257601081022
4.5703125,1.82962770684549,3.17886886328664
4.62109375,1.8296277068455,3.18515492030895
4.671875,1.82962770684549,3.19143418921535
4.72265625,1.8296277068455,3.19770667733611
4.7734375,1.82962770684549,3.2039723919936
4.82421875,1.8296277068455,3.21023134050225
4.875,1.82962770684549,3.21648353016863
4.92578125,1.8296277068455,3.22272896829139
4.9765625,1.82962770684549,3.22896766216132
5.02734375,1.8296277068455,3.23519961906132
5.078125,1.82962770684549,3.24142484626644
5.12890625,1.8296277068455,3.24764335104385
5.1796875,1.82962770684549,3.25385514065291
5.23046875,1.8296277068455,3.26006022234511
5.28125,1.82962770684549,3.26625860336412
5.33203125,1.8296277068455,3.27245029094578
5.3828125,1.82962770684549,3.27863529231814
5.43359375,1.8296277068455,3.28481361470141
5.484375,1.82962770684549,3.29098526530803
5.53515625,1.8296277068455,3.29715025134264
5.5859375,1.82962770684549,3.30330858000211
5.63671875,1.8296277068455,3.30946025847552
5.6875,1.82962770684549,3.3156052939442
5.73828125,1.8296277068455,3.32174369358172
5.7890625,1.82962770684549,3.32787546455391
5.83984375,1.8296277068455,3.33400061401886
5.890625,1.82962770684549,3.34011914912693
5.94140625,1.8296277068455,3.34623107702075
5.9921875,1.82962770684549,3.35233640483525
6.04296875,1.8296277068455,3.35843513969765
6.09375,1.82962770684549,3.36452728872746
6.14453125,1.8296277068455,3.37061285903652
6.1953125,1.82962770684549,3.37669185772899
6.24609375,1.8296277068455,3.38276429190134
6.296875,1.82962770684549,3.38883016864241
6.34765625,1.8296277068455,3.39488949503334
6.3984375,1.82962770684549,3.40094227814766
6.44921875,1.8296277068455,3.40698852505126
6.5,1.82962770684549,3.41302824280237
6.55078125,1.8296277068455,3.41906143845163
6.6015625,1.82962770684549,3.42508811904204
6.65234375,1.8296277068455,3.43110829160903
6.703125,1.82962770684549,3.43712196318039
6.75390625,1.8296277068455,3.44312914077635
6.8046875,1.82962770684549,3.44912983140955
6.85546875,1.8296277068455,3.45512404208506
6.90625,1.82962770684549,3.46111177980038
6.95703125,1.8296277068455,3.46709305154545
7.0078125,1.82962770684549,3.47306786430267
7.05859375,1.8296277068455,3.47903622504691
7.109375,1.82962770684549,3.48499814074549
7.16015625,1.8296277068455,3.49095361835821
7.2109375,1.82962770684549,3.49690266483737
7.26171875,1.8296277068455,3.50284528712773
7.3125,1.82962770684549,3.50878149216658
7.36328125,1.8296277068455,3.51471128688372
7.4140625,1.82962770684549,3.52063467820143
7.46484375,1.8296277068455,3.52655167303456
7.515625,1.82962770684549,3.53246227829047
7.56640625,1.8296277068455,3.53836650086905
7.6171875,1.82962770684549,3.54426434766277
7.66796875,1.8296277068455,3.55015582555664
7.71875,1.82962770684549,3.55604094142822
7.76953125,1.8296277068455,3.56191970214768
7.8203125,1.82962770684549,3.56779211457773
7.87109375,1.8296277068455,3.5736581855737
7.921875,1.82962770684549,3.57951792198351
7.97265625,1.8296277068455,3.58537133064766
8.0234375,1.82962770684549,3.59121841839931
8.07421875,1.8296277068455,3.59705919206419
8.125,1.82962770684549,3.60289365846071
8.17578125,1.8296277068455,3.60872182439987
8.2265625,1.82962770684549,3.61454369668535
8.27734375,1.8296277068455,3.62035928211346
8.328125,1.82962770684549,3.62616858747319
8.37890625,1.8296277068455,3.63197161954618
8.4296875,1.82962770684549,3.63776838510675
8.48046875,1.8296277068455,3.64355889092193
8.53125,1.82962770684549,3.64934314375141
8.58203125,1.8296277068455,3.6551211503476
8.6328125,1.82962770684549,3.66089291745561
8.68359375,1.8296277068455,3.66665845181326
8.734375,1.82962770684549,3.6724177601511
8.78515625,1.8296277068455,3.67817084919243
8.8359375,1.82962770684549,3.68391772565325
8.88671875,1.8296277068455,3.68965839624236
8.9375,1.82962770684549,3.69539286766126
8.98828125,1.8296277068455,3.70112114660426
9.0390625,1.82962770684549,3.7068432397584
9.08984375,1.8296277068455,3.71255915380353
9.140625,1.82962770684549,3.71826889541229
9.19140625,1.8296277068455,3.72397247125007
9.2421875,1.82962770684549,3.72966988797512
9.29296875,1.8296277068455,3.73536115223846
9.34375,1.82962770684549,3.74104627068394
9.39453125,1.8296277068455,3.74672524994824
9.4453125,1.82962770684549,3.75239809666087
9.49609375,1.8296277068455,3.75806481744418
9.546875,1.82962770684549,3.76372541891336
9.59765625,1.8296277068455,3.76937990767648
9.6484375,1.82962770684549,3.77502829033446
9.69921875,1.8296277068455,3.78067057348108
9.75,1.82962770684549,3.78630676370301
9.80078125,1.8296277068455,3.79193686757981
9.8515625,1.82962770684549,3.79756089168395
9.90234375,1.8296277068455,3.80317884258076
9.953125,1.82962770684549,3.80879072682853
10.00390625,1.8296277068455,3.81439655097843
10.0546875,1.82962770684549,3.81999632157456
10.10546875,1.8296277068455,3.82559004515399
10.15625,1.82962770684549,3.83117772824668
10.20703125,1.8296277068455,3.83675937737558
10.2578125,1.82962770684549,3.84233499905657
10.30859375,1.8296277068455,3.8479045997985
10.359375,1.82962770684549,3.8534681861032
10.41015625,1.8296277068455,3.85902576446546
10.4609375,1.82962770684549,3.86457734137308
10.51171875,1.8296277068455,3.87012292330684
10.5625,1.82962770684549,3.87566251674052
10.61328125,1.8296277068455,3.88119612814092
10.6640625,1.82962770684549,3.88672376396785
10.71484375,1.8296277068455,3.89224543067413
10.765625,1.82962770684549,3.89776113470565
10.81640625,1.8296277068455,3.9032708825013
10.8671875,1.82962770684549,3.90877468049304
10.91796875,1.8296277068455,3.91427253510586
10.96875,1.82962770684549,3.91976445275785
11.01953125,1.8296277068455,3.92525043986014
11.0703125,1.82962770684549,3.93073050281694
11.12109375,1.8296277068455,3.93620464802556
11.171875,1.82962770684549,3.94167288187638
11.22265625,1.8296277068455,3.94713521075289
11.2734375,1.82962770684549,3.95259164103169
11.32421875,1.8296277068455,3.95804217908249
11.375,1.82962770684549,3.96348683126813
11.42578125,1.8296277068455,3.96892560394456
11.4765625,1.82962770684549,3.97435850346088
11.52734375,1.8296277068455,3.97978553615934
11.578125,1.82962770684549,3.98520670837531
11.62890625,1.8296277068455,3.99062202643737
11.6796875,1.82962770684549,3.99603149666723
11.73046875,1.8296277068455,4.00143512537977
11.78125,1.82962770684549,4.00683291888306
11.83203125,1.8296277068455,4.01222488347837
11.8828125,1.82962770684549,4.01761102546016
11.93359375,1.8296277068455,4.02299135111607
11.984375,1.82962770684549,4.02836586672698
12.03515625,1.8296277068455,4.03373457856698
12.0859375,1.82962770684549,4.03909749290337
12.13671875,1.8296277068455,4.04445461599669
12.1875,1.82962770684549,4.04980595410073
12.23828125,1.8296277068455,4.05515151346252
12.2890625,1.82962770684549,4.06049130032233
12.33984375,1.8296277068455,4.06582532091371
12.390625,1.82962770684549,4.07115358146349
12.44140625,1.8296277068455,4.07647608819173
12.4921875,1.82962770684549,4.08179284731182
12.54296875,1.8296277068455,4.08710386503042
12.59375,1.82962770684549,4.09240914754748
12.64453125,1.8296277068455,4.09770870105627
12.6953125,1.82962770684549,4.10300253174337
12.74609375,1.8296277068455,4.10829064578866
12.796875,1.82962770684549,4.11357304936538
12.84765625,1.8296277068455,4.11884974864009
12.8984375,1.82962770684549,4.12412074977267
12.94921875,1.8296277068455,4.12938605891637
13,1.82962770684549,4.1346456822178
13.05078125,1.8296277068455,4.13989962581692
13.1015625,1.82962770684549,4.14514789584705
13.15234375,1.8296277068455,4.15039049843491
13.203125,1.82962770684549,4.15562743970059
13.25390625,1.8296277068455,4.16085872575757
13.3046875,1.82962770684549,4.16608436271275
13.35546875,1.8296277068455,4.17130435666639
13.40625,1.82962770684549,4.17651871371221
13.45703125,1.8296277068455,4.18172743993733
13.5078125,1.82962770684549,4.18693054142229
13.55859375,1.8296277068455,4.19212802424108
13.609375,1.82962770684549,4.19731989446111
13.66015625,1.8296277068455,4.20250615814326
13.7109375,1.82962770684549,4.20768682134185
13.76171875,1.8296277068455,4.21286189010466
13.8125,1.82962770684549,4.21803137047294
13.86328125,1.8296277068455,4.22319526848144
13.9140625,1.82962770684549,4.22835359015837
13.96484375,1.8296277068455,4.23350634152545
14.015625,1.82962770684549,4.23865352859785
14.06640625,1.8296277068455,4.2437951573843
14.1171875,1.82962770684549,4.24893123388701
14.16796875,1.8296277068455,4.25406176410172
14.21875,1.82962770684549,4.25918675401769
14.26953125,1.8296277068455,4.26430620961772
14.3203125,1.82962770684549,4.26942013687815
14.37109375,1.8296277068455,4.27452854176885
14.421875,1.82962770684549,4.27963143025326
14.47265625,1.8296277068455,4.28472880828836
14.5234375,1.82962770684549,4.28982068182473
14.57421875,1.8296277068455,4.2949070568065
14.625,1.82962770684549,4.29998793917139
14.67578125,1.8296277068455,4.30506333485069
14.7265625,1.82962770684549,4.31013324976932
14.77734375,1.8296277068455,4.31519768984576
14.828125,1.82962770684549,4.32025666099213
14.87890625,1.8296277068455,4.32531016911416
14.9296875,1.82962770684549,4.3303582201112
14.98046875,1.8296277068455,4.33540081987621
15.03125,1.82962770684549,4.34043797429583
15.08203125,1.8296277068455,4.34546968925031
15.1328125,1.82962770684549,4.35049597061355
15.18359375,1.8296277068455,4.35551682425312
15.234375,1.82962770684549,4.36053225603025
15.28515625,1.8296277068455,4.36554227179983
15.3359375,1.82962770684549,4.37054687741045
15.38671875,1.8296277068455,4.37554607870437
15.4375,1.82962770684549,4.38053988151753
15.48828125,1.8296277068455,4.38552829167959
15.5390625,1.82962770684549,4.3905113150139
15.58984375,1.8296277068455,4.39548895733753
15.640625,1.82962770684549,4.40046122446127
15.69140625,1.8296277068455,4.40542812218962
15.7421875,1.82962770684549,4.41038965632082
15.79296875,1.8296277068455,4.41534583264686
15.84375,1.82962770684549,4.42029665695347
15.89453125,1.8296277068455,4.42524213502011
15.9453125,1.82962770684549,4.43018227262003
15.99609375,1.8296277068455,4.43511707552022
16.046875,1.82962770684549,4.44004654948147
16.09765625,1.8296277068455,4.44497070025833
16.1484375,1.82962770684549,4.44988953359914
16.19921875,1.8296277068455,4.45480305524603
16.25,1.82962770684549,4.45971127093493
16.30078125,1.8296277068455,4.46461418639559
16.3515625,1.82962770684549,4.46951180735154
16.40234375,1.8296277068455,4.47440413952016
16.453125,1.82962770684549,4.47929118861265
16.50390625,1.8296277068455,4.48417296033403
16.5546875,1.82962770684549,4.48904946038317
16.60546875,1.8296277068455,4.49392069445279
16.65625,1.82962770684549,4.49878666822945
16.70703125,1.8296277068455,4.50364738739357
16.7578125,1.82962770684549,4.50850285761945
16.80859375,1.8296277068455,4.51335308457525
16.859375,1.82962770684549,4.51819807392303
16.91015625,1.8296277068455,4.52303783131869
16.9609375,1.82962770684549,4.52787236241206
17.01171875,1.8296277068455,4.53270167284687
17.0625,1.82962770684549,4.53752576826075
17.11328125,1.8296277068455,4.54234465428522
17.1640625,1.82962770684549,4.54715833654574
17.21484375,1.8296277068455,4.5519668206617
17.265625,1.82962770684549,4.5567701122464
17.31640625,1.8296277068455,4.56156821690711
17.3671875,1.82962770684549,4.566361140245
17.41796875,1.8296277068455,4.57114888785526
17.46875,1.82962770684549,4.57593146532696
17.51953125,1.8296277068455,4.58070887824319
17.5703125,1.82962770684549,4.58548113218099
17.62109375,1.8296277068455,4.59024823271136
17.671875,1.82962770684549,4.59501018539932
17.72265625,1.8296277068455,4.59976699580386
17.7734375,1.82962770684549,4.60451866947797
17.82421875,1.8296277068455,4.60926521196863
17.875,1.82962770684549,4.61400662881688
17.92578125,1.8296277068455,4.6187429255577
17.9765625,1.82962770684549,4.62347410772016
18.02734375,1.8296277068455,4.62820018082732
18.078125,1.82962770684549,4.6329211503963
18.12890625,1.8296277068455,4.63763702193825
18.1796875,1.82962770684549,4.64234780095835
18.23046875,1.8296277068455,4.64705349295587
18.28125,1.82962770684549,4.65175410342413
18.33203125,1.8296277068455,4.65644963785052
18.3828125,1.82962770684549,4.66114010171647
18.43359375,1.8296277068455,4.66582550049755
18.484375,1.82962770684549,4.67050583966338
18.53515625,1.8296277068455,4.67518112467766
18.5859375,1.82962770684549,4.67985136099822
18.63671875,1.8296277068455,4.684516554077
18.6875,1.82962770684549,4.68917670936002
18.73828125,1.8296277068455,4.69383183228745
18.7890625,1.82962770684549,4.69848192829357
18.83984375,1.8296277068455,4.70312700280679
18.890625,1.82962770684549,4.70776706124966
18.94140625,1.8296277068455,4.71240210903889
18.9921875,1.82962770684549,4.71703215158531
19.04296875,1.8296277068455,4.72165719429395
19.09375,1.82962770684549,4.72627724256396
19.14453125,1.8296277068455,4.73089230178868
19.1953125,1.82962770684549,4.73550237735563
19.24609375,1.8296277068455,4.7401074746465
19.296875,1.82962770684549,4.74470759903717
19.34765625,1.8296277068455,4.74930275589772
19.3984375,1.82962770684549,4.75389295059245
19.44921875,1.8296277068455,4.75847818847981
19.5,1.82962770684549,4.76305847491254
19.55078125,1.8296277068455,4.76763381523754
19.6015625,1.82962770684549,4.77220421479596
19.65234375,1.8296277068455,4.77676967892317
19.703125,1.82962770684549,4.78133021294881
19.75390625,1.8296277068455,4.78588582219672
19.8046875,1.82962770684549,4.79043651198503
19.85546875,1.8296277068455,4.79498228762609
19.90625,1.82962770684549,4.79952315442655
19.95703125,1.8296277068455,4.80405911768731
20.0078125,1.82962770684549,4.80859018270354
20.05859375,1.8296277068455,4.81311635476471
20.109375,1.82962770684549,4.81763763915457
20.16015625,1.8296277068455,4.82215404115115
20.2109375,1.82962770684549,4.82666556602682
20.26171875,1.8296277068455,4.8311722190482
20.3125,1.82962770684549,4.83567400547627
20.36328125,1.8296277068455,4.84017093056631
20.4140625,1.82962770684549,4.84466299956793
20.46484375,1.8296277068455,4.84915021772505
20.515625,1.82962770684549,4.85363259027595
20.56640625,1.8296277068455,4.85811012245326
20.6171875,1.82962770684549,4.86258281948394
20.66796875,1.8296277068455,4.86705068658932
20.71875,1.82962770684549,4.87151372898508
20.76953125,1.8296277068455,4.87597195188127
20.8203125,1.82962770684549,4.88042536048232
20.87109375,1.8296277068455,4.88487395998704
20.921875,1.82962770684549,4.88931775558862
20.97265625,1.8296277068455,4.89375675247464
21.0234375,1.82962770684549,4.89819095582708
21.07421875,1.8296277068455,4.90262037082234
21.125,1.82962770684549,4.90704500263121
21.17578125,1.8296277068455,4.91146485641889
21.2265625,1.82962770684549,4.91587993734504
21.27734375,1.8296277068455,4.9202902505637
21.328125,1.82962770684549,4.92469580122338
21.37890625,1.8296277068455,4.92909659446702
21.4296875,1.82962770684549,4.933492635432
21.48046875,1.8296277068455,4.93788392925016
21.53125,1.82962770684549,4.94227048104779
21.58203125,1.8296277068455,4.94665229594565
21.6328125,1.82962770684549,4.95102937905897
21.68359375,1.8296277068455,4.95540173549746
21.734375,1.82962770684549,4.95976937036531
21.78515625,1.8296277068455,4.96413228876118
21.8359375,1.82962770684549,4.96849049577827
21.88671875,1.8296277068455,4.97284399650421
21.9375,1.82962770684549,4.97719279602121
21.98828125,1.8296277068455,4.98153689940595
22.0390625,1.82962770684549,4.98587631172962
22.08984375,1.8296277068455,4.99021103805798
22.140625,1.82962770684549,4.99454108345126
22.19140625,1.8296277068455,4.99886645296427
22.2421875,1.82962770684549,5.00318715164634
22.29296875,1.8296277068455,5.00750318454136
22.34375,1.82962770684549,5.01181455668775
22.39453125,1.8296277068455,5.01612127311854
22.4453125,1.82962770684549,5.02042333886126
22.49609375,1.8296277068455,5.02472075893806
22.546875,1.82962770684549,5.02901353836565
22.59765625,1.8296277068455,5.03330168215531
22.6484375,1.82962770684549,5.03758519531291
22.69921875,1.8296277068455,5.04186408283895
22.75,1.82962770684549,5.0461383497285
22.80078125,1.8296277068455,5.05040800097122
22.8515625,1.82962770684549,5.05467304155143
22.90234375,1.8296277068455,5.05893347644802
22.953125,1.82962770684549,5.06318931063453
23.00390625,1.8296277068455,5.06744054907913
23.0546875,1.82962770684549,5.07168719674459
23.10546875,1.8296277068455,5.07592925858838
23.15625,1.82962770684549,5.08016673956258
23.20703125,1.8296277068455,5.08439964461391
23.2578125,1.82962770684549,5.08862797868378
23.30859375,1.8296277068455,5.09285174670824
23.359375,1.82962770684549,5.09707095361804
23.41015625,1.8296277068455,5.10128560433856
23.4609375,1.82962770684549,5.1054957037899
23.51171875,1.8296277068455,5.10970125688684
23.5625,1.82962770684549,5.11390226853881
23.61328125,1.8296277068455,5.11809874365001
23.6640625,1.82962770684549,5.1222906871193
23.71484375,1.8296277068455,5.12647810384025
23.765625,1.82962770684549,5.13066099870116
23.81640625,1.8296277068455,5.13483937658504
23.8671875,1.82962770684549,5.13901324236964
23.91796875,1.8296277068455,5.14318260092743
23.96875,1.82962770684549,5.14734745712562
24.01953125,1.8296277068455,5.15150781582618
24.0703125,1.82962770684549,5.15566368188579
24.12109375,1.8296277068455,5.15981506015593
24.171875,1.82962770684549,5.16396195548283
24.22265625,1.8296277068455,5.16810437270747
24.2734375,1.82962770684549,5.1722423166656
24.32421875,1.8296277068455,5.17637579218779
24.375,1.82962770684549,5.18050480409934
24.42578125,1.8296277068455,5.18462935722037
24.4765625,1.82962770684549,5.1887494563658
24.52734375,1.8296277068455,5.19286510634533
24.578125,1.82962770684549,5.19697631196345
24.62890625,1.8296277068455,5.20108307801953
24.6796875,1.82962770684549,5.20518540930769
24.73046875,1.8296277068455,5.2092833106169
24.78125,1.82962770684549,5.21337678673096
24.83203125,1.8296277068455,5.21746584242849
24.8828125,1.82962770684549,5.22155048248296
24.93359375,1.8296277068455,5.22563071166269
24.984375,1.82962770684549,5.22970653473084
25.03515625,1.8296277068455,5.23377795644543
25.0859375,1.82962770684549,5.23784498155936
25.13671875,1.8296277068455,5.24190761482037
25.1875,1.82962770684549,5.24596586097108
25.23828125,1.8296277068455,5.250019724749
25.2890625,1.82962770684549,5.25406921088652
25.33984375,1.8296277068455,5.25811432411091
25.390625,1.82962770684549,5.26215506914434
25.44140625,1.8296277068455,5.26619145070389
25.4921875,1.82962770684549,5.27022347350153
25.54296875,1.8296277068455,5.27425114224415
25.59375,1.82962770684549,5.27827446163358
25.64453125,1.8296277068455,5.28229343636652
25.6953125,1.82962770684549,5.28630807113464
25.74609375,1.8296277068455,5.29031837062453
25.796875,1.82962770684549,5.29432433951773
25.84765625,1.8296277068455,5.2983259824907
25.8984375,1.82962770684549,5.30232330421488
25.94921875,1.8296277068455,5.30631630935664
26,1.82962770684549,5.31030500257734
26.05078125,1.8296277068455,5.31428938853327
26.1015625,1.82962770684549,5.31826947187571
26.15234375,1.8296277068455,5.32224525725092
26.203125,1.82962770684549,5.32621674930016
26.25390625,1.8296277068455,5.33018395265963
26.3046875,1.82962770684549,5.33414687196057
26.35546875,1.8296277068455,5.33810551182919
26.40625,1.82962770684549,5.34205987688673
26.45703125,1.8296277068455,5.34600997174941
26.5078125,1.82962770684549,5.34995580102848
26.55859375,1.8296277068455,5.35389736933021
26.609375,1.82962770684549,5.3578346812559
26.66015625,1.8296277068455,5.36176774140189
26.7109375,1.82962770684549,5.36569655435951
26.76171875,1.8296277068455,5.36962112471519
26.8125,1.82962770684549,5.37354145705038
26.86328125,1.8296277068455,5.37745755594158
26.9140625,1.82962770684549,5.38136942596036
26.96484375,1.8296277068455,5.38527707167335
27.015625,1.82962770684549,5.38918049764223
27.06640625,1.8296277068455,5.39307970842379
27.1171875,1.82962770684549,5.39697470856987
27.16796875,1.8296277068455,5.40086550262738
27.21875,1.82962770684549,5.40475209513837
27.26953125,1.8296277068455,5.40863449063996
27.3203125,1.82962770684549,5.41251269366436
27.37109375,1.8296277068455,5.41638670873889
27.421875,1.82962770684549,5.420256540386
27.47265625,1.8296277068455,5.42412219312322
27.5234375,1.82962770684549,5.42798367146324
27.57421875,1.8296277068455,5.43184097991386
27.625,1.82962770684549,5.43569412297802
27.67578125,1.8296277068455,5.43954310515377
27.7265625,1.82962770684549,5.44338793093434
27.77734375,1.8296277068455,5.44722860480809
27.828125,1.82962770684549,5.45106513125851
27.87890625,1.8296277068455,5.45489751476431
27.9296875,1.82962770684549,5.4587257597993
27.98046875,1.8296277068455,5.46254987083249
28.03125,1.82962770684549,5.46636985232806
28.08203125,1.8296277068455,5.47018570874537
28.1328125,1.82962770684549,5.47399744453896
28.18359375,1.8296277068455,5.47780506415857
28.234375,1.82962770684549,5.48160857204912
28.28515625,1.8296277068455,5.48540797265074
28.3359375,1.82962770684549,5.48920327039876
28.38671875,1.8296277068455,5.49299446972372
28.4375,1.82962770684549,5.49678157505139
28.48828125,1.8296277068455,5.50056459080274
28.5390625,1.82962770684549,5.50434352139398
28.58984375,1.8296277068455,5.50811837123654
28.640625,1.82962770684549,5.51188914473709
28.69140625,1.8296277068455,5.51565584629755
28.7421875,1.82962770684549,5.51941848031509
28.79296875,1.8296277068455,5.52317705118211
28.84375,1.82962770684549,5.52693156328628
28.89453125,1.8296277068455,5.53068202101053
28.9453125,1.82962770684549,5.53442842873306
28.99609375,1.8296277068455,5.53817079082734
29.046875,1.82962770684549,5.54190911166213
29.09765625,1.8296277068455,5.54564339560144
29.1484375,1.82962770684549,5.54937364700459
29.19921875,1.8296277068455,5.55309987022621
29.25,1.82962770684549,5.55682206961617
29.30078125,1.8296277068455,5.56054024951971
29.3515625,1.82962770684549,5.56425441427733
29.40234375,1.8296277068455,5.56796456822487
29.453125,1.82962770684549,5.57167071569348
29.50390625,1.8296277068455,5.57537286100961
29.5546875,1.82962770684549,5.57907100849509
29.60546875,1.8296277068455,5.58276516246703
29.65625,1.82962770684549,5.58645532723791
29.70703125,1.8296277068455,5.59014150711554
29.7578125,1.82962770684549,5.59382370640308
29.80859375,1.8296277068455,5.59750192939905
29.859375,1.82962770684549,5.60117618039732
29.91015625,1.8296277068455,5.60484646368713
29.9609375,1.82962770684549,5.60851278355307
30.01171875,1.8296277068455,5.61217514427513
30.0625,1.82962770684549,5.61583355012866
30.11328125,1.8296277068455,5.6194880053844
30.1640625,1.82962770684549,5.62313851430847
30.21484375,1.8296277068455,5.6267850811624
30.265625,1.82962770684549,5.6304277102031
30.31640625,1.8296277068455,5.6340664056829
30.3671875,1.82962770684549,5.63770117184954
30.41796875,1.8296277068455,5.64133201294613
30.46875,1.82962770684549,5.64495893321125
30.51953125,1.8296277068455,5.64858193687888
30.5703125,1.82962770684549,5.65220102817843
30.62109375,1.8296277068455,5.65581621133474
30.671875,1.82962770684549,5.6594274905681
30.72265625,1.8296277068455,5.66303487009422
30.7734375,1.82962770684549,5.66663835412428
30.82421875,1.8296277068455,5.67023794686492
30.875,1.82962770684549,5.67383365251819
30.92578125,1.8296277068455,5.67742547528166
30.9765625,1.82962770684549,5.68101341934833
31.02734375,1.8296277068455,5.68459748890668
31.078125,1.82962770684549,5.68817768814067
31.12890625,1.8296277068455,5.69175402122976
31.1796875,1.82962770684549,5.69532649234885
31.23046875,1.8296277068455,5.69889510566839
31.28125,1.82962770684549,5.70245986535428
31.33203125,1.8296277068455,5.70602077556793
31.3828125,1.82962770684549,5.70957784046628
31.43359375,1.8296277068455,5.71313106420176
31.484375,1.82962770684549,5.71668045092232
31.53515625,1.8296277068455,5.72022600477144
31.5859375,1.82962770684549,5.72376772988811
31.63671875,1.8296277068455,5.72730563040685
31.6875,1.82962770684549,5.73083971045773
31.73828125,1.8296277068455,5.73436997416638
31.7890625,1.82962770684549,5.73789642565391
31.83984375,1.8296277068455,5.74141906903703
31.890625,1.82962770684549,5.74493790842801
31.94140625,1.8296277068455,5.74845294793464
31.9921875,1.82962770684549,5.7519641916603
32.04296875,1.8296277068455,5.75547164370393
32.09375,1.82962770684549,5.75897530816007
32.14453125,1.8296277068455,5.7624751891188
32.1953125,1.82962770684549,5.7659712906658
32.24609375,1.8296277068455,5.76946361688234
32.296875,1.82962770684549,5.77295217184529
32.34765625,1.8296277068455,5.7764369596271
32.3984375,1.82962770684549,5.77991798429584
32.44921875,1.8296277068455,5.78339524991516
32.5,1.82962770684549,5.78686876054435
32.55078125,1.8296277068455,5.79033852023831
32.6015625,1.82962770684549,5.79380453304756
32.65234375,1.8296277068455,5.79726680301822
32.703125,1.82962770684549,5.80072533419209
32.75390625,1.8296277068455,5.80418013060657
32.8046875,1.82962770684549,5.8076311962947
32.85546875,1.8296277068455,5.81107853528519
32.90625,1.82962770684549,5.81452215160238
32.95703125,1.8296277068455,5.81796204926627
33.0078125,1.82962770684549,5.82139823229251
33.05859375,1.8296277068455,5.82483070469242
33.109375,1.82962770684549,5.828259470473
33.16015625,1.8296277068455,5.83168453363691
33.2109375,1.82962770684549,5.83510589818248
33.26171875,1.8296277068455,5.83852356810374
33.3125,1.82962770684549,5.84193754739039
33.36328125,1.8296277068455,5.84534784002784
33.4140625,1.82962770684549,5.84875444999718
33.46484375,1.8296277068455,5.85215738127521
33.515625,1.82962770684549,5.85555663783443
33.56640625,1.8296277068455,5.85895222364307
33.6171875,1.82962770684549,5.86234414266504
33.66796875,1.8296277068455,5.86573239885999
33.71875,1.82962770684549,5.8691169961833
33.76953125,1.8296277068455,5.87249793858607
33.8203125,1.82962770684549,5.87587523001514
33.87109375,1.8296277068455,5.87924887441306
33.921875,1.82962770684549,5.88261887571817
33.97265625,1.8296277068455,5.8859852378645
34.0234375,1.82962770684549,5.8893479647819
34.07421875,1.8296277068455,5.89270706039592
34.125,1.82962770684549,5.89606252862789
34.17578125,1.8296277068455,5.89941437339491
34.2265625,1.82962770684549,5.90276259860986
34.27734375,1.8296277068455,5.90610720818135
34.328125,1.82962770684549,5.90944820601382
34.37890625,1.8296277068455,5.91278559600748
34.4296875,1.82962770684549,5.9161193820583
34.48046875,1.8296277068455,5.91944956805809
34.53125,1.82962770684549,5.92277615789441
34.58203125,1.8296277068455,5.92609915545067
34.6328125,1.82962770684549,5.92941856460603
34.68359375,1.8296277068455,5.93273438923551
34.734375,1.82962770684549,5.93604663320993
34.78515625,1.8296277068455,5.93935530039592
34.8359375,1.82962770684549,5.94266039465594
34.88671875,1.8296277068455,5.94596191984828
34.9375,1.82962770684549,5.94925987982708
34.98828125,1.8296277068455,5.95255427844227
35.0390625,1.82962770684549,5.95584511953969
35.08984375,1.8296277068455,5.95913240696096
35.140625,1.82962770684549,5.96241614454361
35.19140625,1.8296277068455,5.96569633612098
35.2421875,1.82962770684549,5.96897298552231
35.29296875,1.8296277068455,5.97224609657268
35.34375,1.82962770684549,5.97551567309303
35.39453125,1.8296277068455,5.9787817189002
35.4453125,1.82962770684549,5.98204423780689
35.49609375,1.8296277068455,5.9853032336217
35.546875,1.82962770684549,5.98855871014909
35.59765625,1.8296277068455,5.99181067118944
35.6484375,1.82962770684549,5.99505912053901
35.69921875,1.8296277068455,5.99830406198997
35.75,-6.57554616390727E-79,0.0517165665116519
35.80078125,-9.29615435829794E-211,0.000900424065283061
35.8515625,0,0.000899910014199243
35.90234375,0,0.000899910008999153
35.953125,0,0.0008999100089991
36.00390625,0,0.0008999100089991
36.0546875,0,0.0008999100089991
36.10546875,0,0.0008999100089991
36.15625,0,0.0008999100089991
36.20703125,0,0.0008999100089991
36.2578125,0,0.0008999100089991
36.30859375,0,0.0008999100089991
36.359375,0,0.0008999100089991
36.41015625,0,0.0008999100089991
36.4609375,0,0.0008999100089991
36.51171875,0,0.0008999100089991
36.5625,0,0.0008999100089991
36.61328125,0,0.0008999100089991
36.6640625,0,0.0008999100089991
36.71484375,0,0.0008999100089991
36.765625,0,0.0008999100089991
36.81640625,0,0.0008999100089991
36.8671875,0,0.0008999100089991
36.91796875,0,0.0008999100089991
36.96875,0,0.0008999100089991
37.01953125,0,0.0008999100089991
37.0703125,0,0.0008999100089991
37.12109375,0,0.0008999100089991
37.171875,0,0.0008999100089991
37.22265625,0,0.0008999100089991
37.2734375,0,0.0008999100089991
37.32421875,0,0.0008999100089991
37.375,0,0.0008999100089991
37.42578125,0,0.0008999100089991
37.4765625,0,0.0008999100089991
37.52734375,0,0.0008999100089991
37.578125,0,0.0008999100089991
37.62890625,0,0.0008999100089991
37.6796875,0,0.0008999100089991
37.73046875,0,0.0008999100089991
37.78125,0,0.0008999100089991
37.83203125,0,0.0008999100089991
37.8828125,1.82962770684551,0.00276953431460166
37.93359375,1.82962770684549,0.0124853614316782
37.984375,1.8296277068455,0.0221906967316417
38.03515625,1.82962770684549,0.0318855515442768
38.0859375,1.8296277068455,0.0415699371871329
38.13671875,1.82962770684549,0.0512438649655386
38.1875,1.8296277068455,0.0609073461726135
38.23828125,1.82962770684549,0.0705603920892826
38.2890625,1.8296277068455,0.0802030139842891
38.33984375,1.82962770684549,0.0898352231142069
38.390625,1.8296277068455,0.0994570307234546
38.44140625,1.82962770684549,0.109068448044308
38.4921875,1.8296277068455,0.118669486296915
38.54296875,1.82962770684549,0.128260156689305
38.59375,1.8296277068455,0.137840470417405
38.64453125,1.82962770684549,0.147410438665052
38.6953125,1.8296277068455,0.156970072604008
38.74609375,1.82962770684549,0.166519383393966
38.796875,1.8296277068455,0.176058382182573
38.84765625,1.82962770684549,0.185587080105436
38.8984375,1.8296277068455,0.195105488286136
38.94921875,1.82962770684549,0.204613617836243
39,1.8296277068455,0.214111479855329
39.05078125,1.82962770684549,0.223599085430977
39.1015625,1.8296277068455,0.233076445638801
39.15234375,1.82962770684549,0.242543571542451
39.203125,1.8296277068455,0.252000474193632
39.25390625,1.82962770684549,0.261447164632114
39.3046875,1.8296277068455,0.270883653885744
39.35546875,1.82962770684549,0.280309952970463
39.40625,1.8296277068455,0.289726072890314
39.45703125,1.82962770684549,0.299132024637459
39.5078125,1.8296277068455,0.308527819192188
39.55859375,1.82962770684549,0.317913467522936
39.609375,1.8296277068455,0.327288980586291
39.66015625,1.82962770684549,0.336654369327011
39.7109375,1.8296277068455,0.346009644678034
39.76171875,1.82962770684549,0.355354817560493
39.8125,1.8296277068455,0.364689898883727
39.86328125,1.82962770684549,0.374014899545295
39.9140625,1.8296277068455,0.383329830430987
39.96484375,1.82962770684549,0.392634702414838
40.015625,1.8296277068455,0.401929526359141
40.06640625,1.82962770684549,0.411214313114459
40.1171875,1.8296277068455,0.420489073519637
40.16796875,1.82962770684549,0.429753818401817
40.21875,1.8296277068455,0.439008558576449
40.26953125,1.82962770684549,0.448253304847302
40.3203125,1.8296277068455,0.457488068006479
40.37109375,1.82962770684549,0.46671285883443
40.421875,1.8296277068455,0.475927688099962
40.47265625,1.82962770684549,0.485132566560255
40.5234375,1.8296277068455,0.494327504960872
40.57421875,1.82962770684549,0.503512514035772
40.625,1.8296277068455,0.51268760450732
40.67578125,1.82962770684549,0.521852787086308
40.7265625,1.8296277068455,0.531008072471957
40.77734375,1.82962770684549,0.540153471351934
40.828125,1.8296277068455,0.54928899440237
40.87890625,1.82962770684549,0.558414652287862
40.9296875,1.8296277068455,0.567530455661492
40.98046875,1.82962770684549,0.576636415164839
41.03125,1.8296277068455,0.58573254142799
41.08203125,1.82962770684549,0.594818845069552
41.1328125,1.8296277068455,0.603895336696666
41.18359375,1.82962770684549,0.61296202690502
41.234375,1.8296277068455,0.622018926278859
41.28515625,1.82962770684549,0.631066045390998
41.3359375,1.8296277068455,0.640103394802835
41.38671875,1.82962770684549,0.649130985064362
41.4375,1.8296277068455,0.65814882671418
41.48828125,1.82962770684549,0.66715693027951
41.5390625,1.8296277068455,0.676155306276203
41.58984375,1.82962770684549,0.685143965208756
41.640625,1.8296277068455,0.694122917570321
41.69140625,1.82962770684549,0.703092173842722
41.7421875,1.8296277068455,0.712051744496459
41.79296875,1.82962770684549,0.721001639990729
41.84375,1.8296277068455,0.729941870773435
41.89453125,1.82962770684549,0.738872447281194
41.9453125,1.8296277068455,0.747793379939355
41.99609375,1.82962770684549,0.75670467916201
42.046875,1.8296277068455,0.765606355352003
42.09765625,1.82962770684549,0.774498418900946
42.1484375,1.8296277068455,0.783380880189228
42.19921875,1.82962770684549,0.792253749586029
42.25,1.8296277068455,0.801117037449334
42.30078125,1.82962770684549,0.809970754125938
42.3515625,1.8296277068455,0.818814909951467
42.40234375,1.82962770684549,0.827649515250383
42.453125,1.8296277068455,0.836474580336003
42.50390625,1.82962770684549,0.845290115510501
42.5546875,1.8296277068455,0.854096131064932
42.60546875,1.82962770684549,0.862892637279235
42.65625,1.8296277068455,0.871679644422246
42.70703125,1.82962770684549,0.880457162751715
42.7578125,1.8296277068455,0.889225202514316
42.80859375,1.82962770684549,0.897983773945654
42.859375,1.8296277068455,0.906732887270285
42.91015625,1.82962770684549,0.915472552701722
42.9609375,1.8296277068455,0.924202780442446
43.01171875,1.82962770684549,0.932923580683926
43.0625,1.8296277068455,0.941634963606622
43.11328125,1.82962770684549,0.950336939380001
43.1640625,1.8296277068455,0.959029518162549
43.21484375,1.82962770684549,0.967712710101781
43.265625,1.8296277068455,0.976386525334256
43.31640625,1.82962770684549,0.985050973985585
43.3671875,1.8296277068455,0.993706066170445
43.41796875,1.82962770684549,1.00235181199259
43.46875,1.8296277068455,1.01098822154487
43.51953125,1.82962770684549,1.01961530490922
43.5703125,1.8296277068455,1.02823307215671
43.62109375,1.82962770684549,1.03684153334751
43.671875,1.8296277068455,1.04544069853095
43.72265625,1.82962770684549,1.05403057774549
43.7734375,1.8296277068455,1.06261118101876
43.82421875,1.82962770684549,1.07118251836756
43.875,1.8296277068455,1.07974459979786
43.92578125,1.82962770684549,1.08829743530485
43.9765625,1.8296277068455,1.0968410348729
44.02734375,1.82962770684549,1.10537540847562
44.078125,1.8296277068455,1.11390056607584
44.12890625,1.82962770684549,1.12241651762564
44.1796875,1.8296277068455,1.13092327306633
44.23046875,1.82962770684549,1.1394208423285
44.28125,1.8296277068455,1.14790923533203
44.33203125,1.82962770684549,1.15638846198606
44.3828125,1.8296277068455,1.16485853218905
44.43359375,1.82962770684549,1.17331945582877
44.484375,1.8296277068455,1.1817712427823
44.53515625,1.82962770684549,1.19021390291606
44.5859375,1.8296277068455,1.19864744608582
44.63671875,1.82962770684549,1.2070718821367
44.6875,1.8296277068455,1.21548722090319
44.73828125,1.82962770684549,1.22389347220917
44.7890625,1.8296277068455,1.23229064586791
44.83984375,1.82962770684549,1.24067875168205
44.890625,1.8296277068455,1.2490577994437
44.94140625,1.82962770684549,1.25742779893435
44.9921875,1.8296277068455,1.26578875992495
45.04296875,1.82962770684549,1.2741406921759
45.09375,1.8296277068455,1.28248360543704
45.14453125,1.82962770684549,1.29081750944769
45.1953125,1.8296277068455,1.29914241393668
45.24609375,1.82962770684549,1.30745832862229
45.296875,1.8296277068455,1.31576526321234
45.34765625,1.82962770684549,1.32406322740414
45.3984375,1.8296277068455,1.33235223088456
45.44921875,1.82962770684549,1.34063228332997
45.5,1.8296277068455,1.34890339440633
45.55078125,1.82962770684549,1.35716557376914
45.6015625,1.8296277068455,1.36541883106347
45.65234375,1.82962770684549,1.37366317592399
45.703125,1.8296277068455,1.38189861797496
45.75390625,1.82962770684549,1.39012516683023
45.8046875,1.8296277068455,1.3983428320933
45.85546875,1.82962770684549,1.40655162335727
45.90625,1.8296277068455,1.41475155020491
45.95703125,1.82962770684549,1.4229426222086
46.0078125,1.8296277068455,1.43112484893044
46.05859375,1.82962770684549,1.43929823992214
46.109375,1.8296277068455,1.44746280472515
46.16015625,1.82962770684549,1.45561855287059
46.2109375,1.8296277068455,1.46376549387929
46.26171875,1.82962770684549,1.4719036372618
46.3125,1.8296277068455,1.4800329925184
46.36328125,1.82962770684549,1.48815356913911
46.4140625,1.8296277068455,1.49626537660372
46.46484375,1.82962770684549,1.50436842438174
46.515625,1.8296277068455,1.5124627219325
46.56640625,1.82962770684549,1.52054827870509
46.6171875,1.8296277068455,1.5286251041384
46.66796875,1.82962770684549,1.53669320766114
46.71875,1.8296277068455,1.54475259869182
46.76953125,1.82962770684549,1.55280328663878
46.8203125,1.8296277068455,1.56084528090022
46.87109375,1.82962770684549,1.56887859086417
46.921875,1.8296277068455,1.57690322590854
46.97265625,1.82962770684549,1.5849191954011
47.0234375,1.8296277068455,1.5929265086995
47.07421875,1.82962770684549,1.6009251751513
47.125,1.8296277068455,1.60891520409395
47.17578125,1.82962770684549,1.61689660485484
47.2265625,1.8296277068455,1.62486938675126
47.27734375,1.82962770684549,1.63283355909045
47.328125,1.8296277068455,1.64078913116962
47.37890625,1.82962770684549,1.6487361122759
47.4296875,1.8296277068455,1.65667451168642
47.48046875,1.82962770684549,1.66460433866829
47.53125,1.8296277068455,1.67252560247861
47.58203125,1.82962770684549,1.68043831236446
47.6328125,1.8296277068455,1.68834247756297
47.68359375,1.82962770684549,1.69623810730128
47.734375,1.8296277068455,1.70412521079656
47.78515625,1.82962770684549,1.71200379725604
47.8359375,1.8296277068455,1.71987387587699
47.88671875,1.82962770684549,1.72773545584677
47.9375,1.8296277068455,1.7355885463428
47.98828125,1.82962770684549,1.74343315653259
48.0390625,1.8296277068455,1.75126929557377
48.08984375,1.82962770684549,1.75909697261406
48.140625,1.8296277068455,1.76691619679132
48.19140625,1.82962770684549,1.77472697723352
48.2421875,1.8296277068455,1.78252932305878
48.29296875,1.82962770684549,1.79032324337539
48.34375,1.8296277068455,1.79810874728179
48.39453125,1.82962770684549,1.8058858438666
48.4453125,1.8296277068455,1.81365454220862
48.49609375,1.82962770684549,1.82141485137684
48.546875,1.8296277068455,1.82916678043049
48.59765625,1.82962770684549,1.83691033841896
48.6484375,1.8296277068455,1.84464553438193
48.69921875,1.82962770684549,1.85237237734928
48.75,1.8296277068455,1.86009087634114
48.80078125,1.82962770684549,1.86780104036791
48.8515625,1.8296277068455,1.87550287843027
48.90234375,1.82962770684549,1.88319639951915
48.953125,1.8296277068455,1.8908816126158
49.00390625,1.82962770684549,1.89855852669176
49.0546875,1.8296277068455,1.90622715070888
49.10546875,1.82962770684549,1.91388749361934
49.15625,1.8296277068455,1.92153956436563
49.20703125,1.82962770684549,1.92918337188062
49.2578125,1.8296277068455,1.93681892508751
49.30859375,1.82962770684549,1.94444623289987
49.359375,1.8296277068455,1.95206530422163
49.41015625,1.82962770684549,1.95967614794713
49.4609375,1.8296277068455,1.96727877296109
49.51171875,1.82962770684549,1.97487318813864
49.5625,1.8296277068455,1.98245940234533
49.61328125,1.82962770684549,1.99003742443712
49.6640625,1.8296277068455,1.99760726326042
49.71484375,1.82962770684549,2.00516892765209
49.765625,1.8296277068455,2.01272242643945
49.81640625,1.82962770684549,2.02026776844027
49.8671875,1.8296277068455,2.0278049624628
49.91796875,1.82962770684549,2.0353340173058
49.96875,1.8296277068455,2.04285494175851
50.01953125,1.82962770684549,2.05036774460069
50.0703125,1.8296277068455,2.05787243460261
50.12109375,1.82962770684549,2.06536902052506
50.171875,1.8296277068455,2.07285751111939
50.22265625,1.82962770684549,2.08033791512749
50.2734375,1.8296277068455,2.08781024128182
50.32421875,1.82962770684549,2.09527449830539
50.375,1.8296277068455,2.1027306949118
50.42578125,1.82962770684549,2.11017883980525
50.4765625,1.8296277068455,2.11761894168053
50.52734375,1.82962770684549,2.12505100922304
50.578125,1.8296277068455,2.13247505110881
50.62890625,1.82962770684549,2.13989107600448
50.6796875,1.8296277068455,2.14729909256737
50.73046875,1.82962770684549,2.15469910944541
50.78125,1.8296277068455,2.16209113527721
50.83203125,1.82962770684549,2.16947517869205
50.8828125,1.8296277068455,2.1768512483099
50.93359375,1.82962770684549,2.18421935274142
50.984375,1.8296277068455,2.19157950058794
51.03515625,1.82962770684549,2.19893170044154
51.0859375,1.8296277068455,2.20627596088502
51.13671875,1.82962770684549,2.21361229049188
51.1875,1.8296277068455,2.2209406978264
51.23828125,1.82962770684549,2.22826119144358
51.2890625,1.8296277068455,2.2355737798892
51.33984375,1.82962770684549,2.2428784716998
51.390625,1.8296277068455,2.25017527540272
51.44140625,1.82962770684549,2.25746419951608
51.4921875,1.8296277068455,2.2647452525488
51.54296875,1.82962770684549,2.2720184430006
51.59375,1.8296277068455,2.27928377936205
51.64453125,1.82962770684549,2.28654127011454
51.6953125,1.8296277068455,2.29379092373028
51.74609375,1.82962770684549,2.30103274867236
51.796875,1.8296277068455,2.30826675339471
51.84765625,1.82962770684549,2.31549294634215
51.8984375,1.8296277068455,2.32271133595037
51.94921875,1.82962770684549,2.32992193064594
52,1.8296277068455,2.33712473884636
52.05078125,1.82962770684549,2.34431976896001
52.1015625,1.8296277068455,2.3515070293862
52.15234375,1.82962770684549,2.35868652851518
52.203125,1.8296277068455,2.36585827472812
52.25390625,1.82962770684549,2.37302227639717
52.3046875,1.8296277068455,2.3801785418854
52.35546875,1.82962770684549,2.38732707954688
52.40625,1.8296277068455,2.39446789772665
52.45703125,1.82962770684549,2.40160100476073
52.5078125,1.8296277068455,2.40872640897614
52.55859375,1.82962770684549,2.41584411869093
52.609375,1.8296277068455,2.42295414221413
52.66015625,1.82962770684549,2.43005648784583
52.7109375,1.8296277068455,2.43715116387713
52.76171875,1.82962770684549,2.44423817859022
52.8125,1.8296277068455,2.45131754025829
52.86328125,1.82962770684549,2.45838925714563
52.9140625,1.8296277068455,2.4654533375076
52.96484375,1.82962770684549,2.47250978959066
53.015625,1.8296277068455,2.47955862163232
53.06640625,1.82962770684549,2.48659984186124
53.1171875,1.8296277068455,2.49363345849718
53.16796875,1.82962770684549,2.50065947975102
53.21875,1.8296277068455,2.50767791382477
53.26953125,1.82962770684549,2.51468876891159
53.3203125,1.8296277068455,2.5216920531958
53.37109375,1.82962770684549,2.52868777485286
53.421875,1.8296277068455,2.53567594204941
53.47265625,1.82962770684549,2.54265656294329
53.5234375,1.8296277068455,2.54962964568351
53.57421875,1.82962770684549,2.55659519841028
53.625,1.8296277068455,2.56355322925504
53.67578125,1.82962770684549,2.57050374634042
53.7265625,1.8296277068455,2.5774467577803
53.77734375,1.82962770684549,2.58438227167978
53.828125,1.8296277068455,2.59131029613524
53.87890625,1.82962770684549,2.59823083923428
53.9296875,1.8296277068455,2.60514390905579
53.98046875,1.82962770684549,2.61204951366992
54.03125,1.8296277068455,2.61894766113811
54.08203125,1.82962770684549,2.62583835951311
54.1328125,1.8296277068455,2.63272161683896
54.18359375,1.82962770684549,2.63959744115102
54.234375,1.8296277068455,2.64646584047595
54.28515625,1.82962770684549,2.65332682283178
54.3359375,1.8296277068455,2.66018039622785
54.38671875,1.82962770684549,2.66702656866488
54.4375,1.8296277068455,2.67386534813491
54.48828125,1.82962770684549,2.6806967426214
54.5390625,1.8296277068455,2.68752076009914
54.58984375,1.82962770684549,2.69433740853433
54.640625,1.8296277068455,2.70114669588459
54.69140625,1.82962770684549,2.7079486300989
54.7421875,1.8296277068455,2.7147432191177
54.79296875,1.82962770684549,2.72153047087283
54.84375,1.8296277068455,2.72831039328757
54.89453125,1.82962770684549,2.73508299427664
54.9453125,1.8296277068455,2.74184828174622
54.99609375,1.82962770684549,2.74860626359396
55.046875,1.8296277068455,2.75535694770897
55.09765625,1.82962770684549,2.76210034197183
55.1484375,1.8296277068455,2.76883645425463
55.19921875,1.82962770684549,2.77556529242095
55.25,1.8296277068455,2.78228686432589
55.30078125,1.82962770684549,2.78900117781605
55.3515625,1.8296277068455,2.79570824072956
55.40234375,1.82962770684549,2.8024080608961
55.453125,1.8296277068455,2.80910064613688
55.50390625,1.82962770684549,2.81578600426467
55.5546875,1.8296277068455,2.82246414308381
55.60546875,1.82962770684549,2.82913507039019
55.65625,1.8296277068455,2.83579879397131
55.70703125,1.82962770684549,2.84245532160624
55.7578125,1.8296277068455,2.84910466106566
55.80859375,1.82962770684549,2.85574682011185
55.859375,1.8296277068455,2.86238180649872
55.91015625,1.82962770684549,2.8690096279718
55.9609375,1.8296277068455,2.87563029226825
56.01171875,1.82962770684549,2.88224380711689
56.0625,1.8296277068455,2.88885018023817
56.11328125,1.82962770684549,2.89544941934423
56.1640625,1.8296277068455,2.90204153213887
56.21484375,1.82962770684549,2.90862652631755
56.265625,1.8296277068455,2.91520440956747
56.31640625,1.82962770684549,2.92177518956748
56.3671875,1.8296277068455,2.92833887398816
56.41796875,1.82962770684549,2.93489547049181
56.46875,1.8296277068455,2.94144498673244
56.51953125,1.82962770684549,2.94798743035581
56.5703125,1.8296277068455,2.95452280899943
56.62109375,1.82962770684549,2.96105113029252
56.671875,1.8296277068455,2.96757240185612
56.72265625,1.82962770684549,2.97408663130299
56.7734375,1.8296277068455,2.9805938262377
56.82421875,1.82962770684549,2.98709399425661
56.875,1.8296277068455,2.99358714294785
56.92578125,1.82962770684549,3.00007327989138
56.9765625,1.8296277068455,3.00655241265896
57.02734375,1.82962770684549,3.01302454881419
57.078125,1.8296277068455,3.01948969591248
57.12890625,1.82962770684549,3.02594786150111
57.1796875,1.8296277068455,3.03239905311918
57.23046875,1.82962770684549,3.03884327829766
57.28125,1.8296277068455,3.0452805445594
57.33203125,1.82962770684549,3.05171085941912
57.3828125,1.8296277068455,3.05813423038341
57.43359375,1.82962770684549,3.06455066495077
57.484375,1.8296277068455,3.07096017061159
57.53515625,1.82962770684549,3.07736275484818
57.5859375,1.8296277068455,3.08375842513478
57.63671875,1.82962770684549,3.09014718893755
57.6875,1.8296277068455,3.09652905371457
57.73828125,1.82962770684549,3.10290402691588
57.7890625,1.8296277068455,3.10927211598349
57.83984375,1.82962770684549,3.11563332835136
57.890625,1.8296277068455,3.12198767144541
57.94140625,1.82962770684549,3.12833515268357
57.9921875,1.8296277068455,3.13467577947573
58.04296875,1.82962770684549,3.1410095592238
58.09375,1.8296277068455,3.14733649932168
58.14453125,1.82962770684549,3.1536566071553
58.1953125,1.8296277068455,3.1599698901026
58.24609375,1.82962770684549,3.16627635553357
58.296875,1.8296277068455,3.17257601081022
58.34765625,1.82962770684549,3.17886886328664
58.3984375,1.8296277068455,3.18515492030895
58.44921875,1.82962770684549,3.19143418921535
58.5,1.8296277068455,3.19770667733611
58.55078125,1.82962770684549,3.2039723919936
58.6015625,1.8296277068455,3.21023134050225
58.65234375,1.82962770684549,3.21648353016863
58.703125,1.8296277068455,3.22272896829139
58.75390625,1.82962770684549,3.22896766216132
58.8046875,1.8296277068455,3.23519961906132
58.85546875,1.82962770684549,3.24142484626644
58.90625,1.8296277068455,3.24764335104385
58.95703125,1.82962770684549,3.25385514065291
59.0078125,1.8296277068455,3.26006022234511
59.05859375,1.82962770684549,3.26625860336412
59.109375,1.8296277068455,3.27245029094578
59.16015625,1.82962770684549,3.27863529231814
59.2109375,1.8296277068455,3.28481361470141
59.26171875,1.82962770684549,3.29098526530803
59.3125,1.8296277068455,3.29715025134264
59.36328125,1.82962770684549,3.30330858000211
59.4140625,1.8296277068455,3.30946025847552
59.46484375,1.82962770684549,3.3156052939442
59.515625,1.8296277068455,3.32174369358172
59.56640625,1.82962770684549,3.32787546455391
59.6171875,1.8296277068455,3.33400061401886
59.66796875,1.82962770684549,3.34011914912693
59.71875,1.8296277068455,3.34623107702075
59.76953125,1.82962770684549,3.35233640483525
59.8203125,1.8296277068455,3.35843513969765
59.87109375,1.82962770684549,3.36452728872746
59.921875,1.8296277068455,3.37061285903652
59.97265625,1.82962770684549,3.37669185772899
60.0234375,1.8296277068455,3.38276429190134
60.07421875,1.82962770684549,3.38883016864241
60.125,1.8296277068455,3.39488949503334
60.17578125,1.82962770684549,3.40094227814766
60.2265625,1.8296277068455,3.40698852505126
60.27734375,1.82962770684549,3.41302824280237
60.328125,1.8296277068455,3.41906143845163
60.37890625,1.82962770684549,3.42508811904204
60.4296875,1.8296277068455,3.43110829160903
60.48046875,1.82962770684549,3.43712196318039
60.53125,1.8296277068455,3.44312914077635
60.58203125,1.82962770684549,3.44912983140955
60.6328125,1.8296277068455,3.45512404208506
60.68359375,1.82962770684549,3.46111177980038
60.734375,1.8296277068455,3.46709305154545
60.78515625,1.82962770684549,3.47306786430267
60.8359375,1.8296277068455,3.47903622504691
60.88671875,1.82962770684549,3.48499814074549
60.9375,1.8296277068455,3.49095361835821
60.98828125,1.82962770684549,3.49690266483737
61.0390625,1.8296277068455,3.50284528712773
61.08984375,1.82962770684549,3.50878149216658
61.140625,1.8296277068455,3.51471128688372
61.19140625,1.82962770684549,3.52063467820143
61.2421875,1.8296277068455,3.52655167303456
61.29296875,1.82962770684549,3.53246227829047
61.34375,1.8296277068455,3.53836650086905
61.39453125,1.82962770684549,3.54426434766277
61.4453125,1.8296277068455,3.55015582555664
61.49609375,1.82962770684549,3.55604094142822
61.546875,1.8296277068455,3.56191970214768
61.59765625,1.82962770684549,3.56779211457773
61.6484375,1.8296277068455,3.5736581855737
61.69921875,1.82962770684549,3.57951792198351
61.75,1.8296277068455,3.58537133064766
61.80078125,1.82962770684549,3.59121841839931
61.8515625,1.8296277068455,3.59705919206419
61.90234375,1.82962770684549,3.60289365846071
61.953125,1.8296277068455,3.60872182439987
62.00390625,1.82962770684549,3.61454369668535
62.0546875,1.8296277068455,3.62035928211346
62.10546875,1.82962770684549,3.62616858747319
62.15625,1.8296277068455,3.63197161954618
62.20703125,1.82962770684549,3.63776838510675
62.2578125,1.8296277068455,3.64355889092193
62.30859375,1.82962770684549,3.64934314375141
62.359375,1.8296277068455,3.6551211503476
62.41015625,1.82962770684549,3.66089291745561
62.4609375,1.8296277068455,3.66665845181326
62.51171875,1.82962770684549,3.6724177601511
62.5625,1.8296277068455,3.67817084919243
62.61328125,1.82962770684549,3.68391772565325
62.6640625,1.8296277068455,3.68965839624236
62.71484375,1.82962770684549,3.69539286766126
62.765625,1.8296277068455,3.70112114660426
62.81640625,1.82962770684549,3.7068432397584
62.8671875,1.8296277068455,3.71255915380353
62.91796875,1.82962770684549,3.71826889541229
62.96875,1.8296277068455,3.72397247125007
63.01953125,1.82962770684549,3.72966988797512
63.0703125,1.8296277068455,3.73536115223846
63.12109375,1.82962770684549,3.74104627068394
63.171875,1.8296277068455,3.74672524994824
63.22265625,1.82962770684549,3.75239809666087
63.2734375,1.8296277068455,3.75806481744418
63.32421875,1.82962770684549,3.76372541891336
63.375,1.8296277068455,3.76937990767648
63.42578125,1.82962770684549,3.77502829033446
63.4765625,1.8296277068455,3.78067057348108
63.52734375,1.82962770684549,3.78630676370301
63.578125,1.8296277068455,3.79193686757981
63.62890625,1.82962770684549,3.79756089168395
63.6796875,1.8296277068455,3.80317884258076
63.73046875,1.82962770684549,3.80879072682853
63.78125,1.8296277068455,3.81439655097843
63.83203125,1.82962770684549,3.81999632157456
63.8828125,1.8296277068455,3.82559004515399
63.93359375,1.82962770684549,3.83117772824668
63.984375,1.8296277068455,3.83675937737558
64.03515625,1.82962770684549,3.84233499905657
64.0859375,1.8296277068455,3.8479045997985
64.13671875,1.82962770684549,3.8534681861032
64.1875,1.8296277068455,3.85902576446546
64.23828125,1.82962770684549,3.86457734137308
64.2890625,1.8296277068455,3.87012292330684
64.33984375,1.82962770684549,3.87566251674052
64.390625,1.8296277068455,3.88119612814092
64.44140625,1.82962770684549,3.88672376396785
64.4921875,1.8296277068455,3.89224543067413
64.54296875,1.82962770684549,3.89776113470565
64.59375,1.8296277068455,3.9032708825013
64.64453125,1.82962770684549,3.90877468049304
64.6953125,1.8296277068455,3.91427253510586
64.74609375,1.82962770684549,3.91976445275785
64.796875,1.8296277068455,3.92525043986014
64.84765625,1.82962770684549,3.93073050281694
64.8984375,1.8296277068455,3.93620464802556
64.94921875,1.82962770684549,3.94167288187638
65,1.8296277068455,3.94713521075289
65.05078125,1.82962770684549,3.95259164103169
65.1015625,1.8296277068455,3.95804217908249
65.15234375,1.82962770684549,3.96348683126813
65.203125,1.8296277068455,3.96892560394456
65.25390625,1.82962770684549,3.97435850346088
65.3046875,1.8296277068455,3.97978553615934
65.35546875,1.82962770684549,3.98520670837531
65.40625,1.8296277068455,3.99062202643737
65.45703125,1.82962770684549,3.99603149666723
65.5078125,1.8296277068455,4.00143512537977
65.55859375,1.82962770684549,4.00683291888306
65.609375,1.8296277068455,4.01222488347837
65.66015625,1.82962770684549,4.01761102546016
65.7109375,1.8296277068455,4.02299135111607
65.76171875,1.82962770684549,4.02836586672698
65.8125,1.8296277068455,4.03373457856698
65.86328125,1.82962770684549,4.03909749290337
65.9140625,1.8296277068455,4.04445461599669
65.96484375,1.82962770684549,4.04980595410073
66.015625,1.8296277068455,4.05515151346252
66.06640625,1.82962770684549,4.06049130032233
66.1171875,1.8296277068455,4.06582532091371
66.16796875,1.82962770684549,4.07115358146349
66.21875,1.8296277068455,4.07647608819173
66.26953125,1.82962770684549,4.08179284731182
66.3203125,1.8296277068455,4.08710386503042
66.37109375,1.82962770684549,4.09240914754748
66.421875,1.8296277068455,4.09770870105627
66.47265625,1.82962770684549,4.10300253174337
66.5234375,1.8296277068455,4.10829064578866
66.57421875,1.82962770684549,4.11357304936538
66.625,1.8296277068455,4.11884974864009
66.67578125,1.82962770684549,4.12412074977267
66.7265625,1.8296277068455,4.12938605891637
66.77734375,1.82962770684549,4.1346456822178
66.828125,1.8296277068455,4.13989962581692
66.87890625,1.82962770684549,4.14514789584705
66.9296875,1.8296277068455,4.15039049843491
66.98046875,1.82962770684549,4.15562743970059
67.03125,1.8296277068455,4.16085872575757
67.08203125,1.82962770684549,4.16608436271275
67.1328125,1.8296277068455,4.17130435666639
67.18359375,1.82962770684549,4.17651871371221
67.234375,1.8296277068455,4.18172743993733
67.28515625,1.82962770684549,4.18693054142229
67.3359375,1.8296277068455,4.19212802424108
67.38671875,1.82962770684549,4.19731989446111
67.4375,1.8296277068455,4.20250615814326
67.48828125,1.82962770684549,4.20768682134185
67.5390625,1.8296277068455,4.21286189010466
67.58984375,1.82962770684549,4.21803137047294
67.640625,1.8296277068455,4.22319526848144
67.69140625,1.82962770684549,4.22835359015837
67.7421875,1.8296277068455,4.23350634152545
67.79296875,1.82962770684549,4.23865352859785
67.84375,1.8296277068455,4.2437951573843
67.89453125,1.82962770684549,4.24893123388701
67.9453125,1.8296277068455,4.25406176410172
67.99609375,1.82962770684549,4.25918675401769
68.046875,1.8296277068455,4.26430620961772
68.09765625,1.82962770684549,4.26942013687815
68.1484375,1.8296277068455,4.27452854176885
68.19921875,1.82962770684549,4.27963143025326
68.25,1.8296277068455,4.28472880828836
68.30078125,1.82962770684549,4.28982068182473
68.3515625,1.8296277068455,4.2949070568065
68.40234375,1.82962770684549,4.29998793917139
68.453125,1.8296277068455,4.30506333485069
68.50390625,1.82962770684549,4.31013324976932
68.5546875,1.8296277068455,4.31519768984576
68.60546875,1.82962770684549,4.32025666099213
68.65625,1.8296277068455,4.32531016911416
68.70703125,1.82962770684549,4.3303582201112
68.7578125,1.8296277068455,4.33540081987621
68.80859375,1.82962770684549,4.34043797429583
68.859375,1.8296277068455,4.34546968925031
68.91015625,1.82962770684549,4.35049597061355
68.9609375,1.8296277068455,4.35551682425312
69.01171875,1.82962770684549,4.36053225603025
69.0625,1.8296277068455,4.36554227179983
69.11328125,1.82962770684549,4.37054687741045
69.1640625,1.8296277068455,4.37554607870437
69.21484375,1.82962770684549,4.38053988151753
69.265625,1.8296277068455,4.38552829167959
69.31640625,1.82962770684549,4.3905113150139
69.3671875,1.8296277068455,4.39548895733753
69.41796875,1.82962770684549,4.40046122446127
69.46875,1.8296277068455,4.40542812218962
69.51953125,1.82962770684549,4.41038965632082
69.5703125,1.8296277068455,4.41534583264686
69.62109375,1.82962770684549,4.42029665695347
69.671875,1.8296277068455,4.42524213502011
69.72265625,1.82962770684549,4.43018227262003
69.7734375,1.8296277068455,4.43511707552022
69.82421875,1.82962770684549,4.44004654948147
69.875,1.8296277068455,4.44497070025833
69.92578125,1.82962770684549,4.44988953359914
69.9765625,1.8296277068455,4.45480305524603
70.02734375,1.82962770684549,4.45971127093493
70.078125,1.8296277068455,4.46461418639559
70.12890625,1.82962770684549,4.46951180735154
70.1796875,1.8296277068455,4.47440413952016
70.23046875,1.82962770684549,4.47929118861265
70.28125,1.8296277068455,4.48417296033403
70.33203125,1.82962770684549,4.48904946038317
70.3828125,1.8296277068455,4.49392069445279
70.43359375,1.82962770684549,4.49878666822945
70.484375,1.8296277068455,4.50364738739357
70.53515625,1.82962770684549,4.50850285761945
70.5859375,1.8296277068455,4.51335308457525
70.63671875,1.82962770684549,4.51819807392303
70.6875,1.8296277068455,4.52303783131869
70.73828125,1.82962770684549,4.52787236241206
70.7890625,1.8296277068455,4.53270167284687
70.83984375,1.82962770684549,4.53752576826075
70.890625,1.8296277068455,4.54234465428522
70.94140625,1.82962770684549,4.54715833654574
70.9921875,1.8296277068455,4.5519668206617
71.04296875,1.82962770684549,4.5567701122464
71.09375,1.8296277068455,4.56156821690711
71.14453125,1.82962770684549,4.566361140245
71.1953125,1.8296277068455,4.57114888785526
71.24609375,1.82962770684549,4.57593146532696
71.296875,1.8296277068455,4.58070887824319
71.34765625,1.82962770684549,4.58548113218099
71.3984375,1.8296277068455,4.59024823271136
71.44921875,1.82962770684549,4.59501018539932
71.5,1.8296277068455,4.59976699580386
71.55078125,1.82962770684549,4.60451866947797
71.6015625,1.8296277068455,4.60926521196863
71.65234375,1.82962770684549,4.61400662881688
71.703125,1.8296277068455,4.6187429255577
71.75390625,1.82962770684549,4.62347410772016
71.8046875,1.8296277068455,4.62820018082732
71.85546875,1.82962770684549,4.6329211503963
71.90625,1.8296277068455,4.63763702193825
71.95703125,1.82962770684549,4.64234780095835
72.0078125,1.8296277068455,4.64705349295587
72.05859375,1.82962770684549,4.65175410342413
72.109375,1.8296277068455,4.65644963785052
72.16015625,1.82962770684549,4.66114010171647
72.2109375,1.8296277068455,4.66582550049755
72.26171875,1.82962770684549,4.67050583966338
72.3125,1.8296277068455,4.67518112467766
72.36328125,1.82962770684549,4.67985136099822
72.4140625,1.8296277068455,4.684516554077
72.46484375,1.82962770684549,4.68917670936002
72.515625,1.8296277068455,4.69383183228745
72.56640625,1.82962770684549,4.69848192829357
72.6171875,1.8296277068455,4.70312700280679
72.66796875,1.82962770684549,4.70776706124966
72.71875,1.8296277068455,4.71240210903889
72.76953125,1.82962770684549,4.71703215158531
72.8203125,1.8296277068455,4.72165719429395
72.87109375,1.82962770684549,4.72627724256396
72.921875,1.8296277068455,4.73089230178868
72.97265625,1.82962770684549,4.73550237735563
73.0234375,1.8296277068455,4.7401074746465
73.07421875,1.82962770684549,4.74470759903717
73.125,1.8296277068455,4.74930275589772
73.17578125,1.82962770684549,4.75389295059245
73.2265625,1.8296277068455,4.75847818847981
73.27734375,1.82962770684549,4.76305847491254
73.328125,1.8296277068455,4.76763381523754
73.37890625,1.82962770684549,4.77220421479596
73.4296875,1.8296277068455,4.77676967892317
73.48046875,1.82962770684549,4.78133021294881
73.53125,1.8296277068455,4.78588582219672
73.58203125,1.82962770684549,4.79043651198503
73.6328125,1.8296277068455,4.79498228762609
73.68359375,1.82962770684549,4.79952315442655
73.734375,1.8296277068455,4.80405911768731
73.78515625,1.82962770684549,4.80859018270354
73.8359375,1.8296277068455,4.81311635476471
73.88671875,1.82962770684549,4.81763763915457
73.9375,1.8296277068455,4.82215404115115
73.98828125,1.82962770684549,4.82666556602682
74.0390625,1.8296277068455,4.8311722190482
74.08984375,1.82962770684549,4.83567400547627
74.140625,1.8296277068455,4.84017093056631
74.19140625,1.82962770684549,4.84466299956793
74.2421875,1.8296277068455,4.84915021772505
74.29296875,1.82962770684549,4.85363259027595
74.34375,1.8296277068455,4.85811012245326
74.39453125,1.82962770684549,4.86258281948394
74.4453125,1.8296277068455,4.86705068658932
74.49609375,1.82962770684549,4.87151372898508
74.546875,1.8296277068455,4.87597195188127
74.59765625,1.82962770684549,4.88042536048232
74.6484375,1.8296277068455,4.88487395998704
74.69921875,1.82962770684549,4.88931775558862
74.75,1.8296277068455,4.89375675247464
74.80078125,1.82962770684549,4.89819095582708
74.8515625,1.8296277068455,4.90262037082234
74.90234375,1.82962770684549,4.90704500263121
74.953125,1.8296277068455,4.91146485641889
75.00390625,1.82962770684549,4.91587993734504
75.0546875,1.8296277068455,4.9202902505637
75.10546875,1.82962770684549,4.92469580122338
75.15625,1.8296277068455,4.92909659446702
75.20703125,1.82962770684549,4.933492635432
75.2578125,1.8296277068455,4.93788392925016
75.30859375,1.82962770684549,4.94227048104779
75.359375,1.8296277068455,4.94665229594565
75.41015625,1.82962770684549,4.95102937905897
75.4609375,1.8296277068455,4.95540173549746
75.51171875,1.82962770684549,4.95976937036531
75.5625,1.8296277068455,4.96413228876118
75.61328125,1.82962770684549,4.96849049577827
75.6640625,1.8296277068455,4.97284399650421
75.71484375,1.82962770684549,4.97719279602121
75.765625,1.8296277068455,4.98153689940595
75.81640625,1.82962770684549,4.98587631172962
75.8671875,1.8296277068455,4.99021103805798
75.91796875,1.82962770684549,4.99454108345126
75.96875,1.8296277068455,4.99886645296427
76.01953125,1.82962770684549,5.00318715164634
76.0703125,1.8296277068455,5.00750318454136
76.12109375,1.82962770684549,5.01181455668775
76.171875,1.8296277068455,5.01612127311854
76.22265625,1.82962770684549,5.02042333886126
76.2734375,1.8296277068455,5.02472075893806
76.32421875,1.82962770684549,5.02901353836565
76.375,1.8296277068455,5.03330168215531
76.42578125,1.82962770684549,5.03758519531291
76.4765625,1.8296277068455,5.04186408283895
76.52734375,1.82962770684549,5.0461383497285
76.578125,1.8296277068455,5.05040800097122
76.62890625,1.82962770684549,5.05467304155143
76.6796875,1.8296277068455,5.05893347644802
76.73046875,1.82962770684549,5.06318931063453
76.78125,1.8296277068455,5.06744054907913
76.83203125,1.82962770684549,5.07168719674459
76.8828125,1.8296277068455,5.07592925858838
76.93359375,1.82962770684549,5.08016673956258
76.984375,1.8296277068455,5.08439964461391
77.03515625,1.82962770684549,5.08862797868378
77.0859375,1.8296277068455,5.09285174670824
77.13671875,1.82962770684549,5.09707095361804
77.1875,1.8296277068455,5.10128560433856
77.23828125,1.82962770684549,5.1054957037899
77.2890625,1.8296277068455,5.10970125688684
77.33984375,1.82962770684549,5.11390226853881
77.390625,1.8296277068455,5.11809874365001
77.44140625,1.82962770684549,5.1222906871193
77.4921875,1.8296277068455,5.12647810384025
77.54296875,1.82962770684549,5.13066099870116
77.59375,1.8296277068455,5.13483937658504
77.64453125,1.82962770684549,5.13901324236964
77.6953125,1.8296277068455,5.14318260092743
77.74609375,1.82962770684549,5.14734745712562
77.796875,1.8296277068455,5.15150781582618
77.84765625,1.82962770684549,5.15566368188579
77.8984375,1.8296277068455,5.15981506015593
77.94921875,1.82962770684549,5.16396195548283
78,1.8296277068455,5.16810437270747
78.05078125,1.82962770684549,5.1722423166656
78.1015625,1.8296277068455,5.17637579218779
78.15234375,1.82962770684549,5.18050480409934
78.203125,1.8296277068455,5.18462935722037
78.25390625,1.82962770684549,5.1887494563658
78.3046875,1.8296277068455,5.19286510634533
78.35546875,1.82962770684549,5.19697631196345
78.40625,1.8296277068455,5.20108307801953
78.45703125,1.82962770684549,5.20518540930769
78.5078125,1.8296277068455,5.2092833106169
78.55859375,1.82962770684549,5.21337678673096
78.609375,1.8296277068455,5.21746584242849
78.66015625,1.82962770684549,5.22155048248296
78.7109375,1.8296277068455,5.22563071166269
78.76171875,1.82962770684549,5.22970653473084
78.8125,1.8296277068455,5.23377795644543
78.86328125,1.82962770684549,5.23784498155936
78.9140625,1.8296277068455,5.24190761482037
78.96484375,1.82962770684549,5.24596586097108
79.015625,1.8296277068455,5.250019724749
79.06640625,1.82962770684549,5.25406921088652
79.1171875,1.8296277068455,5.25811432411091
79.16796875,1.82962770684549,5.26215506914434
79.21875,1.8296277068455,5.26619145070389
79.26953125,1.82962770684549,5.27022347350153
79.3203125,1.8296277068455,5.27425114224415
79.37109375,1.82962770684549,5.27827446163358
79.421875,1.8296277068455,5.28229343636652
79.47265625,1.82962770684549,5.28630807113464
79.5234375,1.8296277068455,5.29031837062453
79.57421875,1.82962770684549,5.29432433951773
79.625,1.8296277068455,5.2983259824907
79.67578125,1.82962770684549,5.30232330421488
79.7265625,1.8296277068455,5.30631630935664
79.77734375,1.82962770684549,5.31030500257734
79.828125,1.8296277068455,5.31428938853327
79.87890625,1.82962770684549,5.31826947187571
79.9296875,1.8296277068455,5.32224525725092
79.98046875,1.82962770684549,5.32621674930016
80.03125,1.8296277068455,5.33018395265963
80.08203125,1.82962770684549,5.33414687196057
80.1328125,1.8296277068455,5.33810551182919
80.18359375,1.82962770684549,5.34205987688673
80.234375,1.8296277068455,5.34600997174941
80.28515625,1.82962770684549,5.34995580102848
80.3359375,1.8296277068455,5.35389736933021
80.38671875,1.82962770684549,5.3578346812559
80.4375,1.8296277068455,5.36176774140189
80.48828125,1.82962770684549,5.36569655435951
80.5390625,1.8296277068455,5.36962112471519
80.58984375,1.82962770684549,5.37354145705038
80.640625,1.8296277068455,5.37745755594158
80.69140625,1.82962770684549,5.38136942596036
80.7421875,1.8296277068455,5.38527707167335
80.79296875,1.82962770684549,5.38918049764223
80.84375,1.8296277068455,5.39307970842379
80.89453125,1.82962770684549,5.39697470856987
80.9453125,1.8296277068455,5.40086550262738
80.99609375,1.82962770684549,5.40475209513837
81.046875,1.8296277068455,5.40863449063996
81.09765625,1.82962770684549,5.41251269366436
81.1484375,1.8296277068455,5.41638670873889
81.19921875,1.82962770684549,5.420256540386
81.25,1.8296277068455,5.42412219312322
81.30078125,1.82962770684549,5.42798367146324
81.3515625,1.8296277068455,5.43184097991386
81.40234375,1.82962770684549,5.43569412297802
81.453125,1.8296277068455,5.43954310515377
81.50390625,1.82962770684549,5.44338793093434
81.5546875,1.8296277068455,5.44722860480809
81.60546875,1.82962770684549,5.45106513125851
81.65625,1.8296277068455,5.45489751476431
81.70703125,1.82962770684549,5.4587257597993
81.7578125,1.8296277068455,5.46254987083249
81.80859375,1.82962770684549,5.46636985232806
81.859375,1.8296277068455,5.47018570874537
81.91015625,1.82962770684549,5.47399744453896
81.9609375,1.8296277068455,5.47780506415857
82.01171875,1.82962770684549,5.48160857204912
82.0625,1.8296277068455,5.48540797265074
82.11328125,1.82962770684549,5.48920327039876
82.1640625,1.8296277068455,5.49299446972372
82.21484375,1.82962770684549,5.49678157505139
82.265625,1.8296277068455,5.50056459080274
82.31640625,1.82962770684549,5.50434352139398
82.3671875,1.8296277068455,5.50811837123654
82.41796875,1.82962770684549,5.51188914473709
82.46875,1.8296277068455,5.51565584629755
82.51953125,1.82962770684549,5.51941848031509
82.5703125,1.8296277068455,5.52317705118211
82.62109375,1.82962770684549,5.52693156328628
82.671875,1.8296277068455,5.53068202101053
82.72265625,1.82962770684549,5.53442842873306
82.7734375,1.8296277068455,5.53817079082734
82.82421875,1.82962770684549,5.54190911166213
82.875,1.8296277068455,5.54564339560144
82.92578125,1.82962770684549,5.54937364700459
82.9765625,1.8296277068455,5.55309987022621
83.02734375,1.82962770684549,5.55682206961617
83.078125,1.8296277068455,5.56054024951971
83.12890625,1.82962770684549,5.56425441427733
83.1796875,1.8296277068455,5.56796456822487
83.23046875,1.82962770684549,5.57167071569348
83.28125,1.8296277068455,5.57537286100961
83.33203125,1.82962770684549,5.57907100849509
83.3828125,1.8296277068455,5.58276516246703
83.43359375,1.82962770684549,5.58645532723791
83.484375,1.8296277068455,5.59014150711554
83.53515625,1.82962770684549,5.59382370640308
83.5859375,1.8296277068455,5.59750192939905
83.63671875,1.82962770684549,5.60117618039732
83.6875,1.8296277068455,5.60484646368713
83.73828125,1.82962770684549,5.60851278355307
83.7890625,1.8296277068455,5.61217514427513
83.83984375,1.82962770684549,5.61583355012866
83.890625,1.8296277068455,5.6194880053844
83.94140625,1.82962770684549,5.62313851430847
83.9921875,1.8296277068455,5.6267850811624
84.04296875,1.82962770684549,5.6304277102031
84.09375,1.8296277068455,5.6340664056829
84.14453125,1.82962770684549,5.63770117184954
84.1953125,1.8296277068455,5.64133201294613
84.24609375,1.82962770684549,5.64495893321125
84.296875,1.8296277068455,5.64858193687888
84.34765625,1.82962770684549,5.65220102817843
84.3984375,1.8296277068455,5.65581621133474
84.44921875,1.82962770684549,5.6594274905681
84.5,1.8296277068455,5.66303487009422
84.55078125,1.82962770684549,5.66663835412428
84.6015625,1.8296277068455,5.67023794686492
84.65234375,1.82962770684549,5.67383365251819
84.703125,1.8296277068455,5.67742547528166
84.75390625,1.82962770684549,5.68101341934833
84.8046875,1.8296277068455,5.68459748890668
84.85546875,1.82962770684549,5.68817768814067
84.90625,1.8296277068455,5.69175402122976
84.95703125,1.82962770684549,5.69532649234885
85.0078125,1.8296277068455,5.69889510566839
85.05859375,1.82962770684549,5.70245986535428
85.109375,1.8296277068455,5.70602077556793
85.16015625,1.82962770684549,5.70957784046628
85.2109375,1.8296277068455,5.71313106420176
85.26171875,1.82962770684549,5.71668045092232
85.3125,1.8296277068455,5.72022600477144
85.36328125,1.82962770684549,5.72376772988811
85.4140625,1.8296277068455,5.72730563040685
85.46484375,1.82962770684549,5.73083971045773
85.515625,1.8296277068455,5.73436997416638
85.56640625,1.82962770684549,5.73789642565391
85.6171875,1.8296277068455,5.74141906903703
85.66796875,1.82962770684549,5.74493790842801
85.71875,1.8296277068455,5.74845294793464
85.76953125,1.82962770684549,5.7519641916603
85.8203125,1.8296277068455,5.75547164370393
85.87109375,1.82962770684549,5.75897530816007
85.921875,1.8296277068455,5.7624751891188
85.97265625,1.82962770684549,5.7659712906658
86.0234375,1.8296277068455,5.76946361688234
86.07421875,1.82962770684549,5.77295217184529
86.125,1.8296277068455,5.7764369596271
86.17578125,1.82962770684549,5.77991798429584
86.2265625,1.8296277068455,5.78339524991516
86.27734375,1.82962770684549,5.78686876054435
86.328125,1.8296277068455,5.79033852023831
86.37890625,1.82962770684549,5.79380453304756
86.4296875,1.8296277068455,5.79726680301822
86.48046875,1.82962770684549,5.80072533419209
86.53125,1.8296277068455,5.80418013060657
86.58203125,1.82962770684549,5.8076311962947
86.6328125,1.8296277068455,5.81107853528519
86.68359375,1.82962770684549,5.81452215160238
86.734375,1.8296277068455,5.81796204926627
86.78515625,1.82962770684549,5.82139823229251
86.8359375,1.8296277068455,5.82483070469242
86.88671875,1.82962770684549,5.828259470473
86.9375,1.8296277068455,5.83168453363691
86.98828125,1.82962770684549,5.83510589818248
87.0390625,1.8296277068455,5.83852356810374
87.08984375,1.82962770684549,5.84193754739039
87.140625,1.8296277068455,5.84534784002784
87.19140625,1.82962770684549,5.84875444999718
87.2421875,1.8296277068455,5.85215738127521
87.29296875,1.82962770684549,5.85555663783443
87.34375,1.8296277068455,5.85895222364307
87.39453125,1.82962770684549,5.86234414266504
87.4453125,1.8296277068455,5.86573239885999
87.49609375,1.82962770684549,5.8691169961833
87.546875,1.8296277068455,5.87249793858607
87.59765625,1.82962770684549,5.87587523001514
87.6484375,1.8296277068455,5.87924887441306
87.69921875,1.82962770684549,5.88261887571817
87.75,1.8296277068455,5.8859852378645
87.80078125,1.82962770684549,5.8893479647819
87.8515625,1.8296277068455,5.89270706039592
87.90234375,1.82962770684549,5.89606252862789
87.953125,1.8296277068455,5.89941437339491
88.00390625,1.82962770684549,5.90276259860986
88.0546875,1.8296277068455,5.90610720818135
88.10546875,1.82962770684549,5.90944820601382
88.15625,1.8296277068455,5.91278559600748
88.20703125,1.82962770684549,5.9161193820583
88.2578125,1.8296277068455,5.91944956805809
88.30859375,1.82962770684549,5.92277615789441
88.359375,1.8296277068455,5.92609915545067
88.41015625,1.82962770684549,5.92941856460603
88.4609375,1.8296277068455,5.93273438923551
88.51171875,1.82962770684549,5.93604663320993
88.5625,1.8296277068455,5.93935530039592
88.61328125,1.82962770684549,5.94266039465594
88.6640625,1.8296277068455,5.94596191984828
88.71484375,1.82962770684549,5.94925987982708
88.765625,1.8296277068455,5.95255427844227
88.81640625,1.82962770684549,5.95584511953969
88.8671875,1.8296277068455,5.95913240696096
88.91796875,1.82962770684549,5.96241614454361
88.96875,1.8296277068455,5.96569633612098
89.01953125,1.82962770684549,5.96897298552231
89.0703125,1.8296277068455,5.97224609657268
89.12109375,1.82962770684549,5.97551567309303
89.171875,1.8296277068455,5.9787817189002
89.22265625,1.82962770684549,5.98204423780689
89.2734375,1.8296277068455,5.9853032336217
89.32421875,1.82962770684549,5.98855871014909
89.375,1.8296277068455,5.99181067118944
89.42578125,1.82962770684549,5.99505912053901
89.4765625,1.8296277068455,5.99830406198997
89.52734375,-6.57554616390727E-79,0.0517165665116519
89.578125,-9.29615435829794E-211,0.000900424065283061
89.62890625,0,0.000899910014199243
89.6796875,0,0.000899910008999153
89.73046875,0,0.0008999100089991
89.78125,0,0.0008999100089991
89.83203125,0,0.0008999100089991
89.8828125,0,0.0008999100089991
89.93359375,0,0.0008999100089991
89.984375,0,0.0008999100089991
90.03515625,0,0.0008999100089991
90.0859375,0,0.0008999100089991
90.13671875,0,0.0008999100089991
90.1875,0,0.0008999100089991
90.23828125,0,0.0008999100089991
90.2890625,0,0.0008999100089991
90.33984375,0,0.0008999100089991
90.390625,0,0.0008999100089991
90.44140625,0,0.0008999100089991
90.4921875,0,0.0008999100089991
90.54296875,0,0.0008999100089991
90.59375,0,0.0008999100089991
90.64453125,0,0.0008999100089991
90.6953125,0,0.0008999100089991
90.74609375,0,0.0008999100089991
90.796875,0,0.0008999100089991
90.84765625,0,0.0008999100089991
90.8984375,0,0.0008999100089991
90.94921875,0,0.0008999100089991
91,0,0.0008999100089991
91.05078125,0,0.0008999100089991
91.1015625,0,0.0008999100089991
91.15234375,0,0.0008999100089991
91.203125,0,0.0008999100089991
91.25390625,0,0.0008999100089991
91.3046875,0,0.0008999100089991
91.35546875,0,0.0008999100089991
91.40625,0,0.0008999100089991
91.45703125,0,0.0008999100089991
91.5078125,0,0.0008999100089991
91.55859375,0,0.0008999100089991
91.609375,0,0.0008999100089991
91.66015625,0,0.0008999100089991
91.7109375,0,0.0008999100089991
91.76171875,0,0.0008999100089991
91.8125,0,0.0008999100089991
91.86328125,0,0.0008999100089991
91.9140625,0,0.0008999100089991
91.96484375,0,0.0008999100089991
92.015625,0,0.0008999100089991
92.06640625,0,0.0008999100089991
92.1171875,0,0.0008999100089991
92.16796875,0,0.0008999100089991
92.21875,0,0.0008999100089991
92.26953125,0,0.0008999100089991
92.3203125,0,0.0008999100089991
92.37109375,0,0.0008999100089991
92.421875,0,0.0008999100089991
92.47265625,0,0.0008999100089991
92.5234375,0,0.0008999100089991
92.57421875,0,0.0008999100089991
92.625,0,0.0008999100089991
92.67578125,0,0.0008999100089991
92.7265625,0,0.0008999100089991
92.77734375,0,0.0008999100089991
92.828125,0,0.0008999100089991
92.87890625,0,0.0008999100089991
92.9296875,0,0.0008999100089991
92.98046875,0,0.0008999100089991
93.03125,0,0.0008999100089991
93.08203125,0,0.0008999100089991
93.1328125,0,0.0008999100089991
93.18359375,0,0.0008999100089991
93.234375,0,0.0008999100089991
93.28515625,0,0.0008999100089991
93.3359375,0,0.0008999100089991
93.38671875,0,0.0008999100089991
93.4375,0,0.0008999100089991
93.48828125,0,0.0008999100089991
93.5390625,0,0.0008999100089991
93.58984375,0,0.0008999100089991
93.640625,0,0.0008999100089991
93.69140625,0,0.0008999100089991
93.7421875,0,0.0008999100089991
93.79296875,0,0.0008999100089991
93.84375,0,0.0008999100089991
93.89453125,0,0.0008999100089991
93.9453125,0,0.0008999100089991
93.99609375,0,0.0008999100089991
94.046875,0,0.0008999100089991
94.09765625,0,0.0008999100089991
94.1484375,0,0.0008999100089991
94.19921875,0,0.0008999100089991
94.25,0,0.0008999100089991
94.30078125,0,0.0008999100089991
94.3515625,0,0.0008999100089991
94.40234375,0,0.0008999100089991
94.453125,0,0.0008999100089991
94.50390625,0,0.0008999100089991
94.5546875,0,0.0008999100089991
94.60546875,0,0.0008999100089991
94.65625,0,0.0008999100089991
94.70703125,0,0.0008999100089991
94.7578125,0,0.0008999100089991
94.80859375,0,0.0008999100089991
94.859375,0,0.0008999100089991
94.91015625,0,0.0008999100089991
94.9609375,0,0.0008999100089991
95.01171875,0,0.0008999100089991
95.0625,0,0.0008999100089991
95.11328125,0,0.0008999100089991
95.1640625,0,0.0008999100089991
95.21484375,0,0.0008999100089991
95.265625,0,0.0008999100089991
95.31640625,0,0.0008999100089991
95.3671875,0,0.0008999100089991
95.41796875,0,0.0008999100089991
95.46875,0,0.0008999100089991
95.51953125,0,0.0008999100089991
95.5703125,0,0.0008999100089991
95.62109375,0,0.0008999100089991
95.671875,0,0.0008999100089991
95.72265625,0,0.0008999100089991
95.7734375,0,0.0008999100089991
95.82421875,0,0.0008999100089991
95.875,0,0.0008999100089991
95.92578125,0,0.0008999100089991
95.9765625,0,0.0008999100089991
96.02734375,0,0.0008999100089991
96.078125,0,0.0008999100089991
96.12890625,0,0.0008999100089991
96.1796875,0,0.0008999100089991
96.23046875,0,0.0008999100089991
96.28125,0,0.0008999100089991
96.33203125,0,0.0008999100089991
96.3828125,0,0.0008999100089991
96.43359375,0,0.0008999100089991
96.484375,0,0.0008999100089991
96.53515625,0,0.0008999100089991
96.5859375,0,0.0008999100089991
96.63671875,0,0.0008999100089991
96.6875,0,0.0008999100089991
96.73828125,0,0.0008999100089991
96.7890625,0,0.0008999100089991
96.83984375,0,0.0008999100089991
96.890625,0,0.0008999100089991
96.94140625,0,0.0008999100089991
96.9921875,0,0.0008999100089991
97.04296875,0,0.0008999100089991
97.09375,0,0.0008999100089991
97.14453125,0,0.0008999100089991
97.1953125,0,0.0008999100089991
97.24609375,0,0.0008999100089991
97.296875,0,0.0008999100089991
97.34765625,0,0.0008999100089991
97.3984375,0,0.0008999100089991
97.44921875,0,0.0008999100089991
97.5,0,0.0008999100089991
97.55078125,0,0.0008999100089991
97.6015625,0,0.0008999100089991
97.65234375,0,0.0008999100089991
97.703125,0,0.0008999100089991
97.75390625,0,0.0008999100089991
97.8046875,0,0.0008999100089991
97.85546875,0,0.0008999100089991
97.90625,0,0.0008999100089991
97.95703125,0,0.0008999100089991
98.0078125,0,0.0008999100089991
98.05859375,0,0.0008999100089991
98.109375,0,0.0008999100089991
98.16015625,0,0.0008999100089991
98.2109375,0,0.0008999100089991
98.26171875,0,0.0008999100089991
98.3125,0,0.0008999100089991
98.36328125,0,0.0008999100089991
98.4140625,0,0.0008999100089991
98.46484375,0,0.0008999100089991
98.515625,0,0.0008999100089991
98.56640625,0,0.0008999100089991
98.6171875,0,0.0008999100089991
98.66796875,0,0.0008999100089991
98.71875,0,0.0008999100089991
98.76953125,0,0.0008999100089991
98.8203125,0,0.0008999100089991
98.87109375,0,0.0008999100089991
98.921875,0,0.0008999100089991
98.97265625,0,0.0008999100089991
99.0234375,0,0.0008999100089991
99.07421875,0,0.0008999100089991
99.125,0,0.0008999100089991
99.17578125,0,0.0008999100089991
99.2265625,0,0.0008999100089991
99.27734375,0,0.0008999100089991
99.328125,0,0.0008999100089991
99.37890625,0,0.0008999100089991
99.4296875,0,0.0008999100089991
99.48046875,0,0.0008999100089991
99.53125,0,0.0008999100089991
99.58203125,0,0.0008999100089991
99.6328125,0,0.0008999100089991
99.68359375,0,0.0008999100089991
99.734375,0,0.0008999100089991
99.78515625,0,0.0008999100089991
99.8359375,0,0.0008999100089991
99.88671875,0,0.0008999100089991
99.9375,0,0.0008999100089991
99.98828125,0,0.0008999100089991
100.0390625,0,0.0008999100089991
100.08984375,0,0.0008999100089991
100.140625,0,0.0008999100089991
100.19140625,0,0.0008999100089991
100.2421875,0,0.0008999100089991
100.29296875,0,0.0008999100089991
100.34375,0,0.0008999100089991
100.39453125,0,0.0008999100089991
100.4453125,0,0.0008999100089991
100.49609375,0,0.0008999100089991
100.546875,0,0.0008999100089991
100.59765625,0,0.0008999100089991
100.6484375,0,0.0008999100089991
100.69921875,0,0.0008999100089991
100.75,0,0.0008999100089991
100.80078125,0,0.0008999100089991
100.8515625,0,0.0008999100089991
100.90234375,0,0.0008999100089991
100.953125,0,0.0008999100089991
101.00390625,0,0.0008999100089991
101.0546875,0,0.0008999100089991
101.10546875,0,0.0008999100089991
101.15625,0,0.0008999100089991
101.20703125,0,0.0008999100089991
101.2578125,0,0.0008999100089991
101.30859375,0,0.0008999100089991
101.359375,0,0.0008999100089991
101.41015625,0,0.0008999100089991
101.4609375,0,0.0008999100089991
101.51171875,0,0.0008999100089991
101.5625,0,0.0008999100089991
101.61328125,0,0.0008999100089991
101.6640625,0,0.0008999100089991
101.71484375,0,0.0008999100089991
101.765625,0,0.0008999100089991
101.81640625,0,0.0008999100089991
101.8671875,0,0.0008999100089991
101.91796875,0,0.0008999100089991
101.96875,0,0.0008999100089991
102.01953125,0,0.0008999100089991
102.0703125,0,0.0008999100089991
102.12109375,0,0.0008999100089991
102.171875,0,0.0008999100089991
102.22265625,0,0.0008999100089991
102.2734375,0,0.0008999100089991
102.32421875,0,0.0008999100089991
102.375,0,0.0008999100089991
102.42578125,0,0.0008999100089991
102.4765625,0,0.0008999100089991
102.52734375,0,0.0008999100089991
102.578125,0,0.0008999100089991
102.62890625,0,0.0008999100089991
102.6796875,0,0.0008999100089991
102.73046875,0,0.0008999100089991
102.78125,0,0.0008999100089991
102.83203125,0,0.0008999100089991
102.8828125,0,0.0008999100089991
102.93359375,0,0.0008999100089991
102.984375,0,0.0008999100089991
103.03515625,0,0.0008999100089991
103.0859375,0,0.0008999100089991
103.13671875,0,0.0008999100089991
103.1875,0,0.0008999100089991
103.23828125,0,0.0008999100089991
103.2890625,0,0.0008999100089991
103.33984375,0,0.0008999100089991
103.390625,0,0.0008999100089991
103.44140625,0,0.0008999100089991
103.4921875,0,0.0008999100089991
103.54296875,0,0.0008999100089991
103.59375,0,0.0008999100089991
103.64453125,0,0.0008999100089991
103.6953125,0,0.0008999100089991
103.74609375,0,0.0008999100089991
103.796875,0,0.0008999100089991
